{"moduleName":null,"summaries":[{"symbol":{"__symbol":0,"members":[]},"metadata":{"__symbolic":"class","extends":{"__symbol":1,"members":[]},"members":{"goods_Goods_GoodsName":[{"__symbolic":"property","decorators":[{"__symbolic":"call","expression":{"__symbol":2,"members":[]},"arguments":[{"id":"goods.goods_GoodsName","name":"{{goods_Goods_GoodsName_5633b50f_fe7e}}","binding":"goods.goods_GoodsName","updateOn":"blur","defaultI18nValue":"商品名称"}]}]}],"st":[{"__symbolic":"property","decorators":[{"__symbolic":"call","expression":{"__symbol":2,"members":[]},"arguments":[{"id":"st","name":"{{st_8bcb3d94_m6ar}}","binding":"st","updateOn":"change","defaultI18nValue":"开发状态"}]}]}],"price":[{"__symbolic":"property","decorators":[{"__symbolic":"call","expression":{"__symbol":2,"members":[]},"arguments":[{"id":"price","name":"{{price_16f37a3a_7wz1}}","binding":"price","updateOn":"blur","defaultI18nValue":"目前开发人数"}]}]}],"other":[{"__symbolic":"property","decorators":[{"__symbolic":"call","expression":{"__symbol":2,"members":[]},"arguments":[{"id":"other","name":"{{other_7f77f6cc_sbr3}}","binding":"other","updateOn":"blur","defaultI18nValue":"（预计）完成时间"}]}]}]}},"type":{"summaryKind":3,"type":{"reference":{"__symbol":0,"members":[]},"diDeps":[],"lifecycleHooks":[1]}}}],"symbols":[{"__symbol":0,"name":"DataGridComponentViewmodelForm","filePath":"./datagridcomponentviewmodelform"},{"__symbol":1,"name":"Form","filePath":"@farris/devkit"},{"__symbol":2,"name":"NgFormControl","filePath":"@farris/devkit"}]}