{"moduleName":null,"summaries":[{"symbol":{"__symbol":0,"members":[]},"metadata":{"__symbolic":"class","extends":{"__symbol":1,"members":[]},"members":{"goods_Goods_GoodsName":[{"__symbolic":"property","decorators":[{"__symbolic":"call","expression":{"__symbol":2,"members":[]},"arguments":[{"id":"goods_Goods_GoodsName_5633b50f_4xbl","name":"{{goods_Goods_GoodsName_5633b50f_4xbl}}","binding":"goods.goods_GoodsName","updateOn":"blur","defaultI18nValue":"商品名称"}]}]}],"st":[{"__symbolic":"property","decorators":[{"__symbolic":"call","expression":{"__symbol":2,"members":[]},"arguments":[{"id":"st_8bcb3d94_2jk2","name":"{{st_8bcb3d94_2jk2}}","binding":"st","updateOn":"change","defaultI18nValue":"开发状态","validRules":[{"type":"required","constraints":[true]}]}]}]}],"price":[{"__symbolic":"property","decorators":[{"__symbolic":"call","expression":{"__symbol":2,"members":[]},"arguments":[{"id":"price_16f37a3a_f5xx","name":"{{price_16f37a3a_f5xx}}","binding":"price","updateOn":"blur","defaultI18nValue":"目前开发人数"}]}]}],"other":[{"__symbolic":"property","decorators":[{"__symbolic":"call","expression":{"__symbol":2,"members":[]},"arguments":[{"id":"other_7f77f6cc_deyj","name":"{{other_7f77f6cc_deyj}}","binding":"other","updateOn":"blur","defaultI18nValue":"（预计）开发完成时间","validRules":[{"type":"matches","constraints":[""]}]}]}]}]}},"type":{"summaryKind":3,"type":{"reference":{"__symbol":0,"members":[]},"diDeps":[],"lifecycleHooks":[1]}}}],"symbols":[{"__symbol":0,"name":"DetailFormComponentViewmodelForm","filePath":"./detailformcomponentviewmodelform"},{"__symbol":1,"name":"Form","filePath":"@farris/devkit"},{"__symbol":2,"name":"NgFormControl","filePath":"@farris/devkit"}]}