{"moduleName":null,"summaries":[{"symbol":{"__symbol":0,"members":[]},"metadata":{"type":"string"}},{"symbol":{"__symbol":1,"members":[]},"metadata":{"type":"string"}},{"symbol":{"__symbol":2,"members":[]},"metadata":{"type":"string"}},{"symbol":{"__symbol":3,"members":[]},"metadata":{"type":"string"}},{"symbol":{"__symbol":4,"members":[]},"metadata":{"__symbolic":"class","extends":{"__symbol":5,"members":[]},"members":{"Load1":[{"__symbolic":"method","decorators":[{"__symbolic":"call","expression":{"__symbol":6,"members":[]},"arguments":[{"name":"Load1","params":{"action":"{UISTATE~/#{root-component}/action}"},"paramDescriptions":{"action":{"type":"string"}}}]}]}],"LoadAndAdd1":[{"__symbolic":"method","decorators":[{"__symbolic":"call","expression":{"__symbol":6,"members":[]},"arguments":[{"name":"LoadAndAdd1","params":{"transitionAction":"Create"},"paramDescriptions":{"transitionAction":{"type":"string"}}}]}]}],"LoadAndView1":[{"__symbolic":"method","decorators":[{"__symbolic":"call","expression":{"__symbol":6,"members":[]},"arguments":[{"name":"LoadAndView1","params":{"id":"{UISTATE~/#{root-component}/id}","transitionAction":"Cancel","transitionActionParamName":""},"paramDescriptions":{"id":{"__symbol":0,"members":[]},"transitionAction":{"type":"string"},"transitionActionParamName":{"type":"string"}}}]}]}],"LoadAndEdit1":[{"__symbolic":"method","decorators":[{"__symbolic":"call","expression":{"__symbol":6,"members":[]},"arguments":[{"name":"LoadAndEdit1","params":{"id":"{UISTATE~/#{root-component}/id}","transitionAction":"Edit","transitionActionParamName":""},"paramDescriptions":{"id":{"__symbol":1,"members":[]},"transitionAction":{"type":"string"},"transitionActionParamName":{"type":"string"}}}]}]}],"Add1":[{"__symbolic":"method","decorators":[{"__symbolic":"call","expression":{"__symbol":6,"members":[]},"arguments":[{"name":"Add1","params":{"transitionAction":"Create"},"paramDescriptions":{"transitionAction":{"type":"string"}}}]}]}],"Edit1":[{"__symbolic":"method","decorators":[{"__symbolic":"call","expression":{"__symbol":6,"members":[]},"arguments":[{"name":"Edit1","params":{"transitionAction":"Edit"},"paramDescriptions":{"transitionAction":{"type":""}}}]}]}],"Save1":[{"__symbolic":"method","decorators":[{"__symbolic":"call","expression":{"__symbol":6,"members":[]},"arguments":[{"name":"Save1","params":{"transitionAction":"Cancel","successMsg":""},"paramDescriptions":{"transitionAction":{"type":"string"},"successMsg":{"type":""}}}]}]}],"Cancel1":[{"__symbolic":"method","decorators":[{"__symbolic":"call","expression":{"__symbol":6,"members":[]},"arguments":[{"name":"Cancel1","params":{"transitionAction":"Cancel"},"paramDescriptions":{"transitionAction":{"type":"string"}}}]}]}],"ChangeItem1":[{"__symbolic":"method","decorators":[{"__symbolic":"call","expression":{"__symbol":6,"members":[]},"arguments":[{"name":"ChangeItem1","params":{"id":"{DATA~/#{root-component}/id}","type":"prev","transitionAction":"Cancel"},"paramDescriptions":{"id":{"__symbol":2,"members":[]},"type":{"type":"string"},"transitionAction":{"type":"string"}}}]}]}],"ChangeItem2":[{"__symbolic":"method","decorators":[{"__symbolic":"call","expression":{"__symbol":6,"members":[]},"arguments":[{"name":"ChangeItem2","params":{"id":"{DATA~/#{root-component}/id}","type":"next","transitionAction":"Cancel"},"paramDescriptions":{"id":{"__symbol":3,"members":[]},"type":{"type":"string"},"transitionAction":{"type":"string"}}}]}]}]}},"type":{"summaryKind":3,"type":{"reference":{"__symbol":4,"members":[]},"diDeps":[],"lifecycleHooks":[1]}}}],"symbols":[{"__symbol":0,"name":"ɵ0","filePath":"./rootviewmodel"},{"__symbol":1,"name":"ɵ1","filePath":"./rootviewmodel"},{"__symbol":2,"name":"ɵ2","filePath":"./rootviewmodel"},{"__symbol":3,"name":"ɵ3","filePath":"./rootviewmodel"},{"__symbol":4,"name":"RootViewmodel","filePath":"./rootviewmodel"},{"__symbol":5,"name":"ViewModel","filePath":"@farris/devkit"},{"__symbol":6,"name":"NgCommand","filePath":"@farris/devkit"}]}