{
  "AppCode" : "GoodsDevelop",
  "ServiceUnitCode" : "GOODS1",
  "BizobjectCode" : "GCompany",
  "BizobjectID" : "3d4f13e6-38b6-1a1a-6b50-87ce2b456fbb",
  "ProjectNameSpace" : "Inspur.GS.GoodsDevelop.GOODS1.GCompany.GCompany.Back",
  "SuDeploymentPath" : "apps/goodsdevelop/goods1",
  "MetadataProjectName" : "bo-GCompany-Back",
  "MetadataPackageName" : "Inspur.GS.GoodsDevelop.GOODS1.GCompany.GCompany.Back",
  "SuConfigDeploymentPath" : null,
  "ProjectType" : "backend",
  "ProjectExtendItem" : [ {
    "codelanguage" : "java"
  } ]
}