{
  "AppCode" : "GoodsDevelop",
  "ServiceUnitCode" : "GOODS1",
  "BizobjectCode" : "GGoods",
  "BizobjectID" : "7cbdf696-ac2e-305b-0331-8f18be3bc170",
  "ProjectNameSpace" : "Inspur.GS.GoodsDevelop.GOODS1.GGoods.GGoods.Front",
  "SuDeploymentPath" : "apps/goodsdevelop/goods1",
  "MetadataProjectName" : "bo-GGoods-Front",
  "MetadataPackageName" : "Inspur.GS.GoodsDevelop.GOODS1.GGoods.GGoods.Front",
  "SuConfigDeploymentPath" : null,
  "ProjectType" : "frontend",
  "ProjectExtendItem" : [ {
    "codelanguage" : "java"
  } ]
}