{"module":{"id":"GCompanyDList","code":"GCompanyDList","name":"公司名称","caption":"公司名称","type":"Module","creator":"xrxiaoyu","creationDate":"2024-11-19T06:08:29.782Z","updateVersion":"191104","showTitle":true,"bootstrap":"card-template","templateId":"card-template","schemas":[{"eapiId":"b056483f-9049-4f44-be39-b15d6b64d57d","eapiCode":"GCompanyDList_frm","eapiName":"公司名称_frm","eapiNameSpace":"Inspur.GS.GoodsDevelop.GOODS1.GCompany.GCompany.Front","voPath":"GoodsDevelop/GOODS1/GCompany/bo-gcompany-front/metadata/components","voNameSpace":"Inspur.GS.GoodsDevelop.GOODS1.GCompany.GCompany.Front","id":"b5550274-58a4-42cc-8a89-9afda0748c64","sourceUri":"api/goodsdevelop/goods1/v1.0/GCompanyDList_frm","entities":[{"type":{"$type":"EntityType","primary":"id","fields":[{"$type":"SimpleField","readonly":false,"defaultValue":"","editor":{"$type":"TextBox"},"require":true,"multiLanguage":false,"type":{"$type":"StringType","displayName":"字符串","length":36,"name":"String"},"id":"86f3ce17-44aa-4165-88f5-9c7f10834eda","path":"ID","label":"id","originalId":"86f3ce17-44aa-4165-88f5-9c7f10834eda","code":"ID","bindingPath":"id","bindingField":"id","name":"主键"},{"$type":"SimpleField","readonly":false,"defaultValue":"","editor":{"$type":"DateBox","format":"'yyyy-MM-dd'"},"require":false,"multiLanguage":false,"type":{"$type":"DateTimeType","displayName":"日期时间","name":"DateTime"},"id":"e100d520-ab7b-4518-b7e9-762c4262396d","path":"Version","label":"version","originalId":"e100d520-ab7b-4518-b7e9-762c4262396d","code":"Version","bindingPath":"version","bindingField":"version","name":"版本"},{"$type":"SimpleField","readonly":false,"defaultValue":"","editor":{"$type":"TextBox"},"require":false,"multiLanguage":false,"type":{"$type":"StringType","displayName":"字符串","length":36,"name":"String"},"id":"df9742c1-79a7-4cb2-a9ff-13c83543a441","path":"Name","label":"name","originalId":"df9742c1-79a7-4cb2-a9ff-13c83543a441","code":"Name","bindingPath":"name","bindingField":"name","name":"名称"},{"$type":"SimpleField","readonly":false,"defaultValue":"","editor":{"$type":"TextBox"},"require":false,"multiLanguage":false,"type":{"$type":"StringType","displayName":"字符串","length":36,"name":"String"},"id":"09ac33d2-afc1-4e16-bcf1-bb60d41d79b5","path":"Address","label":"address","originalId":"09ac33d2-afc1-4e16-bcf1-bb60d41d79b5","code":"Address","bindingPath":"address","bindingField":"address","name":"地址"},{"$type":"ComplexField","type":{"$type":"EntityType","primary":"lr","fields":[{"$type":"SimpleField","readonly":false,"defaultValue":"","editor":{"$type":"TextBox"},"require":false,"multiLanguage":false,"type":{"$type":"StringType","displayName":"字符串","length":36,"name":"String"},"id":"e5087038-94c5-4ce0-a867-d751c00885ce","path":"LR.LR","label":"lr","originalId":"e5087038-94c5-4ce0-a867-d751c00885ce","code":"LR","bindingPath":"lr.lr","bindingField":"lr","name":"法人代表"},{"$type":"SimpleField","readonly":false,"defaultValue":"","editor":{"$type":"TextBox"},"require":false,"multiLanguage":false,"type":{"$type":"StringType","displayName":"字符串","length":36,"name":"String"},"id":"2788601b-ebc5-4777-a69c-d5e88a99cdb8","path":"LR.LR_ID","label":"lR_ID","originalId":"2788601b-ebc5-4777-a69c-d5e88a99cdb8","code":"ID","bindingPath":"lr.lR_ID","bindingField":"lR_LR_ID","name":"主键"},{"$type":"SimpleField","readonly":false,"defaultValue":"","editor":{"$type":"TextBox"},"require":false,"multiLanguage":false,"type":{"$type":"StringType","displayName":"字符串","length":36,"name":"String"},"id":"e23ccff7-f54b-4dd7-82ea-7e2187c3f013","path":"LR.LR_Name","label":"lR_Name","originalId":"e23ccff7-f54b-4dd7-82ea-7e2187c3f013","code":"Name","bindingPath":"lr.lR_Name","bindingField":"lR_LR_Name","name":"姓名"}],"entities":[],"displayName":"商户","name":"GMerchantE508"},"id":"c11e86ec-94ff-45dc-b08c-299b41ef83b9","path":"LR","label":"lr","originalId":"c11e86ec-94ff-45dc-b08c-299b41ef83b9","code":"LR","bindingPath":"lr","bindingField":"lr","name":"法人代表"},{"$type":"SimpleField","readonly":false,"defaultValue":"","editor":{"$type":"EnumField"},"require":false,"multiLanguage":false,"type":{"$type":"EnumType","displayName":"枚举","valueType":{"$type":"StringType","displayName":"字符串","length":36,"name":"String"},"enumValues":[{"disabled":false,"name":"开业","value":"on"},{"disabled":false,"name":"歇业","value":"off"}],"name":"Enum"},"id":"f4017a55-7270-45c0-980b-52f1ca12d5d7","path":"OS","label":"os","originalId":"f4017a55-7270-45c0-980b-52f1ca12d5d7","code":"OS","bindingPath":"os","bindingField":"os","name":"营业状态"},{"$type":"SimpleField","readonly":false,"defaultValue":"","editor":{"$type":"TextBox"},"require":false,"multiLanguage":false,"type":{"$type":"StringType","displayName":"字符串","length":36,"name":"String"},"id":"ad58a1bd-b64e-4f8b-a805-8d37bd2dc05b","path":"URL","label":"url","originalId":"ad58a1bd-b64e-4f8b-a805-8d37bd2dc05b","code":"URL","bindingPath":"url","bindingField":"url","name":"网站"}],"entities":[],"displayName":"公司","name":"GCompany"},"id":"104ca6b8-5fc5-4676-a88b-40c0b0f79e7e","label":"gCompanys","code":"GCompany","name":"公司"}],"variables":[],"sourceType":"vo","code":"GCompanyDList_frm","extendProperties":{"enableStdTimeFormat":true},"name":"公司名称_frm"}],"states":[],"contents":[],"stateMachines":[{"id":"GCompanyDList_state_machine","name":"公司名称_frm","uri":"bfc23ba3-4a05-44d8-b85f-1899938266b8","code":"GCompanyDList_frm","nameSpace":"Inspur.GS.GoodsDevelop.GOODS1.GCompany.GCompany.Front"}],"viewmodels":[{"id":"root-viewmodel","code":"root-viewmodel","name":"公司","fields":[],"stateMachine":"GCompanyDList_state_machine","serviceRefs":[],"commands":[{"id":"e05264fb-796d-43fb-b83b-9e2f3866c328","code":"Load1","name":"执行加载页面后初始方法","params":[{"name":"action","shownName":"初始方法","value":"{UISTATE~/#{root-component}/action}"}],"handlerName":"Load","cmpId":"8172a979-2c80-4637-ace7-b13074d3f393","extensions":[],"isInvalid":false},{"id":"246a275c-88c9-4c8a-aa82-be6a950a4325","code":"LoadAndAdd1","name":"新增一条数据","params":[{"name":"transitionAction","shownName":"状态机动作","value":"Create"}],"handlerName":"LoadAndAdd","cmpId":"8172a979-2c80-4637-ace7-b13074d3f393","extensions":[],"isInvalid":false},{"id":"70acc053-fa15-45be-851c-cf694e1bcaf7","code":"LoadAndView1","name":"查看一条数据","params":[{"name":"id","shownName":"待查看数据的标识","value":"{UISTATE~/#{root-component}/id}"},{"name":"transitionAction","shownName":"状态机动作","value":"Cancel"}],"handlerName":"LoadAndView","cmpId":"8172a979-2c80-4637-ace7-b13074d3f393","extensions":[],"isInvalid":false},{"id":"3e72ee6f-8f7b-4f29-aa0e-5887f2861117","code":"LoadAndEdit1","name":"编辑当前数据","params":[{"name":"id","shownName":"待编辑数据的标识","value":"{UISTATE~/#{root-component}/id}"},{"name":"transitionAction","shownName":"状态机动作","value":"Edit"}],"handlerName":"LoadAndEdit","cmpId":"8172a979-2c80-4637-ace7-b13074d3f393","extensions":[],"isInvalid":false},{"id":"f90aadfa-988c-4da5-a5db-1416c3333794","code":"Add1","name":"新增一条数据","params":[{"name":"transitionAction","shownName":"状态机动作","value":"Create"}],"handlerName":"Add","cmpId":"8172a979-2c80-4637-ace7-b13074d3f393","extensions":[],"isInvalid":false},{"id":"a323e27b-b9c6-4848-93b9-f117403a94ff","code":"Edit1","name":"编辑当前数据","params":[{"name":"transitionAction","shownName":"状态机动作","value":"Edit"}],"handlerName":"Edit","cmpId":"8172a979-2c80-4637-ace7-b13074d3f393","extensions":[],"isInvalid":false},{"id":"31b814db-01e4-407d-8fad-0f08dbb01999","code":"Save1","name":"保存变更","params":[{"name":"transitionAction","shownName":"状态机动作","value":"Cancel"}],"handlerName":"Save","cmpId":"8172a979-2c80-4637-ace7-b13074d3f393","extensions":[],"isInvalid":false},{"id":"4f5ed2ec-8def-4a3c-8e7b-397ea93010e8","code":"Cancel1","name":"取消变更","params":[{"name":"transitionAction","shownName":"状态机动作","value":"Cancel"}],"handlerName":"Cancel","cmpId":"8172a979-2c80-4637-ace7-b13074d3f393","extensions":[],"isInvalid":false},{"id":"c8504c24-33e8-487a-91ce-2218b803fe01","code":"ChangeItem1","name":"切换上一条或下一条1","params":[{"name":"id","shownName":"当前数据标识","value":"{DATA~/#{root-component}/id}"},{"name":"type","shownName":"切换类型(prev|next)","value":"prev"},{"name":"transitionAction","shownName":"状态机动作","value":"Cancel"}],"handlerName":"ChangeItem","cmpId":"8172a979-2c80-4637-ace7-b13074d3f393","extensions":[],"isInvalid":false},{"id":"4a0cfb1a-1262-41a2-aeb9-c8edd5c09683","code":"ChangeItem2","name":"切换上一条或下一条2","params":[{"name":"id","shownName":"当前数据标识","value":"{DATA~/#{root-component}/id}"},{"name":"type","shownName":"切换类型(prev|next)","value":"next"},{"name":"transitionAction","shownName":"状态机动作","value":"Cancel"}],"handlerName":"ChangeItem","cmpId":"8172a979-2c80-4637-ace7-b13074d3f393","extensions":[],"isInvalid":false}],"states":[],"bindTo":"/","enableUnifiedSession":false},{"id":"basic-form-viewmodel","code":"basic-form-viewmodel","name":"公司","fields":[{"type":"Form","id":"df9742c1-79a7-4cb2-a9ff-13c83543a441","fieldName":"name","groupId":null,"groupName":null,"updateOn":"blur"},{"type":"Form","id":"09ac33d2-afc1-4e16-bcf1-bb60d41d79b5","fieldName":"address","groupId":null,"groupName":null,"updateOn":"blur"},{"type":"Form","id":"e23ccff7-f54b-4dd7-82ea-7e2187c3f013","fieldName":"lR_LR_Name","groupId":null,"groupName":null,"updateOn":"blur","fieldSchema":{"editor":{"$type":"LookupEdit","dataSource":{"uri":"GCompany.lR_LR_Name","displayName":"商户帮助","idField":"id","type":"ViewObject","helpCode":"GGOOOODDDHELP"},"valueField":"id","textField":"name","displayType":"List","mapFields":"","helpId":"382a4a59-a092-40ed-b31f-a73f82c2aad6"},"name":"法人代表","require":false,"readonly":false}},{"type":"Form","id":"f4017a55-7270-45c0-980b-52f1ca12d5d7","fieldName":"os","groupId":null,"groupName":null,"updateOn":"change"},{"type":"Form","id":"ad58a1bd-b64e-4f8b-a805-8d37bd2dc05b","fieldName":"url","groupId":null,"groupName":null,"updateOn":"blur"}],"serviceRefs":[],"commands":[],"states":[{"id":"486452bd-ae58-4d6f-9b2e-36b3588ebfe5","category":"locale","code":"lRLRNameBindDataSource","name":"lRLRNameBindDataSource","type":"Array"}],"bindTo":"/","parent":"root-viewmodel","enableValidation":true}],"components":[{"id":"root-component","type":"Component","viewModel":"root-viewmodel","componentType":"Frame","onInit":"Load1","contents":[{"id":"root-layout","type":"ContentContainer","appearance":{"class":"f-page f-page-card f-page-is-mainsubcard"},"size":null,"contents":[{"id":"page-header","type":"ContentContainer","appearance":{"class":"f-page-header"},"size":null,"contents":[{"id":"header-nav","type":"ContentContainer","appearance":{"class":"f-page-header-base"},"size":null,"contents":[{"id":"header-title-container","type":"ContentContainer","appearance":{"class":"f-title"},"size":null,"contents":[{"id":"page-header-title","type":"HtmlTemplate","html":"<span class=\"f-title-icon f-text-orna-bill\"><i class=\"f-icon f-icon-page-title-record\"></i></span><h4 class=\"f-title-text\">{{'title'|lang:lang:'公司名称'}}</h4><div class=\"f-title-pagination\"><span class=\"f-icon f-icon-arrow-w\" [ngClass]=\"{'f-state-disabled':!viewModel.stateMachine['canEdit']}\" (click)=\"viewModel.stateMachine['canEdit']&&viewModel.ChangeItem1()\"></span><span class=\"f-icon f-icon-arrow-e\" [ngClass]=\"{'f-state-disabled':!viewModel.stateMachine['canEdit']}\" (click)=\"viewModel.stateMachine['canEdit']&&viewModel.ChangeItem2()\"></span></div>"}],"visible":true,"isScrollspyContainer":false,"isLikeCardContainer":false},{"id":"page-header-toolbar","type":"ToolBar","appearance":{"class":"col-7 f-toolbar"},"size":null,"items":[{"id":"button-add","type":"ToolBarItem","text":"新增","appearance":{"class":"btn-primary"},"disable":"!viewModel.stateMachine['canAdd']","visible":true,"click":"Add1","items":[],"usageMode":"button","modalConfig":null},{"id":"button-edit","type":"ToolBarItem","text":"编辑","appearance":null,"disable":"!viewModel.stateMachine['canEdit']","visible":true,"click":"Edit1","items":[],"usageMode":"button","modalConfig":null},{"id":"button-save","type":"ToolBarItem","text":"保存","appearance":null,"disable":"!viewModel.stateMachine['canSave']","visible":true,"click":"Save1","items":[],"usageMode":"button","modalConfig":null},{"id":"button-cancel","type":"ToolBarItem","text":"取消","appearance":null,"disable":"!viewModel.stateMachine['canCancel']","visible":true,"click":"Cancel1","items":[],"usageMode":"button","modalConfig":null}],"visible":true,"buttonSize":"default","popDirection":"default"}],"visible":true,"isScrollspyContainer":false,"isLikeCardContainer":false}],"visible":true,"isScrollspyContainer":false,"isLikeCardContainer":false},{"id":"main-container","type":"ContentContainer","appearance":{"class":"f-page-main"},"size":null,"contents":[{"id":"like-card-container","type":"ContentContainer","appearance":{"class":"f-struct-like-card"},"size":null,"contents":[{"id":"basic-form-component-ref","type":"ComponentRef","component":"basic-form-component","visible":true}],"visible":true,"draggable":false,"isLikeCardContainer":true,"isScrollspyContainer":false}],"visible":true,"isScrollspyContainer":false,"isLikeCardContainer":false}],"visible":true,"isScrollspyContainer":false,"isLikeCardContainer":false}],"appearance":null,"visible":true,"afterViewInit":null},{"id":"basic-form-component","type":"Component","viewModel":"basic-form-viewmodel","componentType":"form-col-4","appearance":{"class":"f-struct-wrapper"},"onInit":"","contents":[{"id":"basic-form-section","type":"Section","appearance":{"class":"f-section-form f-section-in-mainsubcard"},"visible":true,"mainTitle":"基本信息","subTitle":"","headerClass":"","titleClass":"","extendedHeaderAreaClass":"","toolbarClass":"","extendedAreaClass":"","contentTemplateClass":"","fill":false,"expanded":true,"enableMaximize":false,"enableAccordion":false,"accordionMode":"default","showHeader":true,"headerTemplate":"","titleTemplate":"","extendedHeaderAreaTemplate":"","toolbarTemplate":"","extendedAreaTemplate":"","contents":[{"id":"basic-form-layout","type":"Form","appearance":{"class":"f-form-layout farris-form farris-form-controls-inline"},"size":null,"contents":[{"id":"name_df9742c1_htdq","type":"TextBox","titleSourceType":"static","title":"名称","appearance":{"class":"col-12 col-md-6 col-xl-3 col-el-6"},"size":null,"binding":{"type":"Form","path":"name","field":"df9742c1-79a7-4cb2-a9ff-13c83543a441","fullPath":"Name"},"readonly":"!viewModel.stateMachine['editable']","require":false,"disable":false,"placeHolder":"","format":null,"validation":null,"value":null,"maxLength":36,"linkedLabelEnabled":false,"linkedLabelClick":null,"visible":true,"holdPlace":false,"isTextArea":true,"isPassword":false,"tabindex":-1,"hasDefaultFocus":false,"focusState":null,"titleWidth":null,"enableTips":true,"path":"name","enableAppend":false,"inputAppendType":"button","inputAppendDisabled":false,"formatValidation":{"type":"none","expression":"","message":""},"autoHeight":false,"maxHeight":500},{"id":"address_09ac33d2_3y7l","type":"TextBox","titleSourceType":"static","title":"地址","appearance":{"class":"col-12 col-md-6 col-xl-3 col-el-6"},"size":null,"binding":{"type":"Form","path":"address","field":"09ac33d2-afc1-4e16-bcf1-bb60d41d79b5","fullPath":"Address"},"readonly":"!viewModel.stateMachine['editable']","require":false,"disable":false,"placeHolder":"","format":null,"validation":null,"value":null,"maxLength":36,"linkedLabelEnabled":false,"linkedLabelClick":null,"visible":true,"holdPlace":false,"isTextArea":true,"isPassword":false,"tabindex":-1,"hasDefaultFocus":false,"focusState":null,"titleWidth":null,"enableTips":true,"path":"address","enableAppend":false,"inputAppendType":"button","inputAppendDisabled":false,"formatValidation":{"type":"none","expression":"","message":""},"autoHeight":false,"maxHeight":500},{"id":"lR_LR_Name_e23ccff7_10t4","type":"LookupEdit","titleSourceType":"static","title":"法人代表","appearance":{"class":"col-12 col-md-6 col-xl-3 col-el-6"},"size":null,"binding":{"type":"Form","path":"lR_LR_Name","field":"e23ccff7-f54b-4dd7-82ea-7e2187c3f013","fullPath":"LR.LR_Name"},"readonly":"!viewModel.stateMachine['editable']","require":false,"disable":false,"placeHolder":"","dataSource":{"uri":"GCompany.lR_LR_Name","displayName":"商户帮助","idField":"id","type":"ViewObject","helpCode":"GGOOOODDDHELP"},"textField":"name","valueField":"id","displayType":"List","multiSelect":false,"pageList":"10,20,30,50","pageSize":20,"pageIndex":null,"pagination":null,"dialogTitle":"","showMaxButton":null,"showCloseButton":null,"resizable":null,"buttonAlign":null,"mapFields":"","lookupStyle":"popup","holdPlace":false,"isTextArea":true,"useTip":false,"useFavorite":true,"noSearch":false,"maxSearchLength":36,"enableToSelect":true,"isRecordSize":false,"lookupPicking":null,"lookupPicked":null,"linkedLabelEnabled":false,"linkedLabelClick":null,"visible":true,"enableExtendLoadMethod":true,"editable":false,"enableFullTree":false,"enableClear":true,"clear":null,"loadTreeDataType":"default","expandLevel":-1,"enableCascade":false,"cascadeStatus":"enable","onShown":null,"onHidden":null,"beforeShow":null,"beforeHide":null,"tabindex":-1,"hasDefaultFocus":false,"focusState":null,"titleWidth":null,"textAlign":"left","useExtendInfo":false,"extInfoFields":null,"extInfoFormatter":null,"customFormatter":null,"customNavFormatter":null,"selectFirstInNav":false,"loadDataWhenOpen":true,"onlySelectLeaf":"default","viewType":"text","autoHeight":false,"maxHeight":500,"autoWidth":true,"showHeader":true,"beforeSelectData":null,"enableAppend":false,"inputAppendType":"button","inputAppendDisabled":false,"enableContextMenu":false,"quickSelect":{"enable":false,"showItemsCount":10,"formatter":null,"showMore":true},"treeToList":false,"navTreeToList":false,"showNavigation":true,"showCascadeControl":true,"linkConfig":{"enable":false,"config":[]},"showSelected":false,"useNewLayout":false,"enableMultiFieldSearch":false,"separator":",","path":"lr.lR_Name","isRTControl":false,"labelAutoOverflow":false,"updateOn":"blur","helpId":"382a4a59-a092-40ed-b31f-a73f82c2aad6"},{"id":"os_f4017a55_ckcl","type":"EnumField","titleSourceType":"static","title":"营业状态","controlSource":"Farris","appearance":{"class":"col-12 col-md-6 col-xl-3 col-el-6"},"size":null,"binding":{"type":"Form","path":"os","field":"f4017a55-7270-45c0-980b-52f1ca12d5d7","fullPath":"OS"},"placeHolder":"","readonly":"!viewModel.stateMachine['editable']","require":false,"disable":false,"enumData":[{"disabled":false,"name":"开业","value":"on"},{"disabled":false,"name":"歇业","value":"off"}],"holdPlace":false,"isTextArea":true,"linkedLabelEnabled":false,"linkedLabelClick":null,"visible":true,"tabindex":-1,"hasDefaultFocus":false,"focusState":null,"titleWidth":null,"idField":"value","textField":"name","multiSelect":false,"uri":"","autoWidth":true,"enableClear":false,"onClear":null,"valueChanged":null,"onShown":null,"onHidden":null,"editable":false,"enableCancelSelected":false,"beforeShow":null,"beforeHide":null,"dataSourceType":"static","path":"os","viewType":"text","noSearch":false,"maxSearchLength":null,"enableAppend":false,"inputAppendType":"button","inputAppendDisabled":false,"autoHeight":false,"maxHeight":500,"showDisabledItem":true,"labelAutoOverflow":false,"updateOn":"change"},{"id":"url_ad58a1bd_7r1j","type":"TextBox","titleSourceType":"static","title":"网站","appearance":{"class":"col-12 col-md-6 col-xl-3 col-el-12"},"size":null,"binding":{"type":"Form","path":"url","field":"ad58a1bd-b64e-4f8b-a805-8d37bd2dc05b","fullPath":"URL"},"readonly":"!viewModel.stateMachine['editable']","require":false,"disable":false,"placeHolder":"","format":null,"validation":null,"value":null,"maxLength":36,"linkedLabelEnabled":false,"linkedLabelClick":null,"visible":true,"holdPlace":false,"isTextArea":true,"isPassword":false,"tabindex":-1,"hasDefaultFocus":false,"focusState":null,"titleWidth":null,"enableTips":true,"path":"url","enableAppend":false,"inputAppendType":"button","inputAppendDisabled":false,"formatValidation":{"type":"none","expression":"","message":""},"autoHeight":false,"maxHeight":500,"labelAutoOverflow":false,"updateOn":"blur"}],"controlsInline":true,"formAutoIntl":true,"visible":true,"labelAutoOverflow":false}],"isScrollSpyItem":false,"toolbar":{"type":"SectionToolbar","position":"inHead","contents":[]}}],"visible":true,"afterViewInit":null}],"webcmds":[{"id":"8172a979-2c80-4637-ace7-b13074d3f393","path":"/projects/packages/Inspur.GS.Gsp.Web.WebCmp/webcmd","name":"CardController.webcmd","refedHandlers":[{"host":"e05264fb-796d-43fb-b83b-9e2f3866c328","handler":"Load"},{"host":"246a275c-88c9-4c8a-aa82-be6a950a4325","handler":"LoadAndAdd"},{"host":"70acc053-fa15-45be-851c-cf694e1bcaf7","handler":"LoadAndView"},{"host":"3e72ee6f-8f7b-4f29-aa0e-5887f2861117","handler":"LoadAndEdit"},{"host":"f90aadfa-988c-4da5-a5db-1416c3333794","handler":"Add"},{"host":"a323e27b-b9c6-4848-93b9-f117403a94ff","handler":"Edit"},{"host":"31b814db-01e4-407d-8fad-0f08dbb01999","handler":"Save"},{"host":"4f5ed2ec-8def-4a3c-8e7b-397ea93010e8","handler":"Cancel"},{"host":"c8504c24-33e8-487a-91ce-2218b803fe01","handler":"ChangeItem"},{"host":"4a0cfb1a-1262-41a2-aeb9-c8edd5c09683","handler":"ChangeItem"}],"code":"CardController","nameSpace":"Inspur.GS.Gsp.Web.WebCmp"}],"serviceRefs":[],"projectName":"bo-gcompany-front","showType":"page","toolbar":{"items":{},"configs":{}},"declarations":{"events":[],"commands":[],"states":[]},"subscriptions":[],"extraImports":[],"expressions":[],"metadataId":"19f26974-fe63-4549-b22d-623edcc61f57","actions":[{"sourceComponent":{"id":"button-add","viewModelId":"root-viewmodel","map":[{"event":{"label":"click","name":"点击事件"},"targetComponent":{"id":"root-component","viewModelId":"root-viewmodel"},"command":{"id":"f90aadfa-988c-4da5-a5db-1416c3333794","label":"Add1","name":"新增一条数据","handlerName":"Add","params":[{"name":"transitionAction","shownName":"状态机动作","value":"Create"}],"cmpId":"8172a979-2c80-4637-ace7-b13074d3f393","isNewGenerated":false,"isInvalid":false},"controller":{"id":"8172a979-2c80-4637-ace7-b13074d3f393","label":"CardController","name":"卡片控制器"}}]}},{"sourceComponent":{"id":"button-edit","viewModelId":"root-viewmodel","map":[{"event":{"label":"click","name":"点击事件"},"targetComponent":{"id":"root-component","viewModelId":"root-viewmodel"},"command":{"id":"a323e27b-b9c6-4848-93b9-f117403a94ff","label":"Edit1","name":"编辑当前数据","handlerName":"Edit","params":[{"name":"transitionAction","shownName":"状态机动作","value":"Edit"}],"cmpId":"8172a979-2c80-4637-ace7-b13074d3f393","isNewGenerated":false,"isInvalid":false},"controller":{"id":"8172a979-2c80-4637-ace7-b13074d3f393","label":"CardController","name":"卡片控制器"}}]}},{"sourceComponent":{"id":"button-save","viewModelId":"root-viewmodel","map":[{"event":{"label":"click","name":"点击事件"},"targetComponent":{"id":"root-component","viewModelId":"root-viewmodel"},"command":{"id":"31b814db-01e4-407d-8fad-0f08dbb01999","label":"Save1","name":"保存变更","handlerName":"Save","params":[{"name":"transitionAction","shownName":"状态机动作","value":"Cancel"}],"cmpId":"8172a979-2c80-4637-ace7-b13074d3f393","isNewGenerated":false,"isInvalid":false},"controller":{"id":"8172a979-2c80-4637-ace7-b13074d3f393","label":"CardController","name":"卡片控制器"}}]}},{"sourceComponent":{"id":"button-cancel","viewModelId":"root-viewmodel","map":[{"event":{"label":"click","name":"点击事件"},"targetComponent":{"id":"root-component","viewModelId":"root-viewmodel"},"command":{"id":"4f5ed2ec-8def-4a3c-8e7b-397ea93010e8","label":"Cancel1","name":"取消变更","handlerName":"Cancel","params":[{"name":"transitionAction","shownName":"状态机动作","value":"Cancel"}],"cmpId":"8172a979-2c80-4637-ace7-b13074d3f393","isNewGenerated":false,"isInvalid":false},"controller":{"id":"8172a979-2c80-4637-ace7-b13074d3f393","label":"CardController","name":"卡片控制器"}}]}},{"sourceComponent":{"id":"root-component","viewModelId":"root-viewmodel","map":[{"event":{"label":"onInit","name":"初始化事件"},"targetComponent":{"id":"root-component","viewModelId":"root-viewmodel"},"command":{"id":"e05264fb-796d-43fb-b83b-9e2f3866c328","label":"Load1","name":"执行加载页面后初始方法","handlerName":"Load","params":[{"name":"action","shownName":"初始方法","value":"{UISTATE~/#{root-component}/action}"}],"cmpId":"8172a979-2c80-4637-ace7-b13074d3f393","isNewGenerated":false,"isInvalid":false},"controller":{"id":"8172a979-2c80-4637-ace7-b13074d3f393","label":"CardController","name":"卡片控制器"}}]}}]},"options":{"enableTextArea":true,"renderMode":"compile","enableDeleteSourceCode":true,"changeSetPolicy":"valid","enableServerSideChangeDetection":true}}