{"moduleName":null,"summaries":[{"symbol":{"__symbol":0,"members":[]},"metadata":{"__symbolic":"class","extends":{"__symbol":1,"members":[]},"members":{"stBindDataSource":[{"__symbolic":"property","decorators":[{"__symbolic":"call","expression":{"__symbol":2,"members":[]},"arguments":[{"originalDataType":"Array","category":"locale"}]}]}]}},"type":{"summaryKind":3,"type":{"reference":{"__symbol":0,"members":[]},"diDeps":[],"lifecycleHooks":[]}}}],"symbols":[{"__symbol":0,"name":"DetailFormComponentViewmodelUIState","filePath":"./detailformcomponentviewmodeluistate"},{"__symbol":1,"name":"UIState","filePath":"@farris/devkit"},{"__symbol":2,"name":"NgParam","filePath":"@farris/devkit"}]}