{"moduleName":null,"summaries":[{"symbol":{"__symbol":0,"members":[]},"metadata":{"__symbolic":"class","extends":{"__symbol":1,"members":[]},"members":{"name":[{"__symbolic":"property","decorators":[{"__symbolic":"call","expression":{"__symbol":2,"members":[]},"arguments":[{"id":"name","name":"{{name_4890469b_5ad7}}","binding":"name","updateOn":"blur","defaultI18nValue":"公司名称"}]}]}],"address":[{"__symbolic":"property","decorators":[{"__symbolic":"call","expression":{"__symbol":2,"members":[]},"arguments":[{"id":"address","name":"{{address_54b0b1ae_p7aj}}","binding":"address","updateOn":"blur","defaultI18nValue":"注册地址"}]}]}],"lR_LR_Name":[{"__symbolic":"property","decorators":[{"__symbolic":"call","expression":{"__symbol":2,"members":[]},"arguments":[{"id":"lr.lR_Name","name":"{{lR_LR_Name_fedc3f64_3hz2}}","binding":"lr.lR_Name","updateOn":"blur","defaultI18nValue":"控股人"}]}]}],"os":[{"__symbolic":"property","decorators":[{"__symbolic":"call","expression":{"__symbol":2,"members":[]},"arguments":[{"id":"os","name":"{{os_2c04eb08_bbtq}}","binding":"os","updateOn":"change","defaultI18nValue":"是否上市"}]}]}],"url":[{"__symbolic":"property","decorators":[{"__symbolic":"call","expression":{"__symbol":2,"members":[]},"arguments":[{"id":"url","name":"{{url_a03419ae_h9o0}}","binding":"url","updateOn":"blur","defaultI18nValue":"人员规模"}]}]}]}},"type":{"summaryKind":3,"type":{"reference":{"__symbol":0,"members":[]},"diDeps":[],"lifecycleHooks":[1]}}}],"symbols":[{"__symbol":0,"name":"DataGridComponentViewmodelForm","filePath":"./datagridcomponentviewmodelform"},{"__symbol":1,"name":"Form","filePath":"@farris/devkit"},{"__symbol":2,"name":"NgFormControl","filePath":"@farris/devkit"}]}