{"moduleName":null,"summaries":[{"symbol":{"__symbol":0,"members":[]},"metadata":{"__symbolic":"class","extends":{"__symbol":1,"members":[]},"members":{"lr":[{"__symbolic":"property","decorators":[{"__symbolic":"call","expression":{"__symbol":2,"members":[]},"arguments":[{"originalDataField":"LR","dataField":"lr","primary":true,"originalDataFieldType":"String","initValue":"","path":"LR.LR","validRules":[{"type":"maxLength","constraints":[36],"message":"最大长度为36"}]}]}]}],"lR_ID":[{"__symbolic":"property","decorators":[{"__symbolic":"call","expression":{"__symbol":2,"members":[]},"arguments":[{"originalDataField":"ID","dataField":"lR_ID","originalDataFieldType":"String","initValue":"","path":"LR.LR_ID","validRules":[{"type":"maxLength","constraints":[36],"message":"最大长度为36"}]}]}]}],"lR_Name":[{"__symbolic":"property","decorators":[{"__symbolic":"call","expression":{"__symbol":2,"members":[]},"arguments":[{"originalDataField":"Name","dataField":"lR_Name","originalDataFieldType":"String","initValue":"","path":"LR.LR_Name","validRules":[{"type":"maxLength","constraints":[36],"message":"最大长度为36"}]}]}]}]}}}],"symbols":[{"__symbol":0,"name":"GMerchantE508Entity","filePath":"./gmerchante508entity"},{"__symbol":1,"name":"Entity","filePath":"@farris/devkit"},{"__symbol":2,"name":"NgField","filePath":"@farris/devkit"}]}