[{"Code":"GCompanyDList_frm","Name":"公司名称_frm","Id":"b056483f-9049-4f44-be39-b15d6b64d57d","Version":"1.0","Description":"公司名称_frm服务","BizObject":"3d4f13e6-38b6-1a1a-6b50-87ce2b456fbb","CriticalApplication":"goodsdevelop","ServiceUnit":"goods1","RouteUrl":"gcompanydlist_frm","Service":{"Id":"5d0e1cd6-b1f1-45bb-a4b6-c65faf33c943","ResourceId":"b5550274-58a4-42cc-8a89-9afda0748c64","ResourceType":"VO","ResourceCode":"com.inspur.gs.goodsdevelop.goods1.gcompany.gcompany.front.vo.GCompanyDList_frm","ResourceName":"公司名称_frm","ResourceNameSpace":"Inspur.GS.GoodsDevelop.GOODS1.GCompany.GCompany.Front","ResourcePath":null,"ResourceFileName":null,"Operations":[{"Id":"b5550274-58a4-42cc-8a89-9afda0748c64&^^&CreateSession","Code":"CreateSession","Name":"创建业务上下文","Description":"在调用该服务其他操作前，应该首先调用该操作创建业务上下文。在业务上下文存在期间，所有通过该服务修改的数据均被锁定，其他业务上下文无法修改。","HttpMethod":"POST","Template":"service/createsession","Parameters":[{"Id":"b5550274-58a4-42cc-8a89-9afda0748c64&^^&CreateSessionParam","Code":"sessionId","Name":"sessionId","Description":"功能sessionId","ModelId":"string","ModelCode":null,"ModelName":"string","RefId":null,"RefCode":null,"RefName":null,"RefPath":null,"RefFileName":null,"ModelType":0,"In":"","IsRequired":true,"ListDeepth":0,"isCollection":false,"isRetVal":true,"isBasicType":true}],"ResourceOpId":"b5550274-58a4-42cc-8a89-9afda0748c64&^^&CreateSession","Transaction":false,"AssemblyInfo":null,"Extend1":"Basic","Extend2":null,"isDeprecated":false},{"Id":"b5550274-58a4-42cc-8a89-9afda0748c64&^^&CloseSession","Code":"CloseSession","Name":"关闭业务上下文","Description":"在调用该服务的其他操作完成业务功能后，应该调用该操作关闭业务上下文，否则该业务上下文内修改的数据将保持锁定状态，无法被其他用户修改。","HttpMethod":"POST","Template":"service/closesession","Parameters":null,"ResourceOpId":"b5550274-58a4-42cc-8a89-9afda0748c64&^^&CloseSession","Transaction":false,"AssemblyInfo":null,"Extend1":"Basic","Extend2":null,"isDeprecated":false},{"Id":"b5550274-58a4-42cc-8a89-9afda0748c64&^^&Create","Code":"Create","Name":"新增公司","Description":"新增公司，可指定字段初始值。","HttpMethod":"POST","Template":"","Parameters":[{"Id":"b5550274-58a4-42cc-8a89-9afda0748c64&^^&RequestInfo","Code":"requestInfo","Name":"请求信息","Description":"请求信息","ModelId":"b5550274-58a4-42cc-8a89-9afda0748c64&^^&RequestInfo","ModelCode":"RequestInfo","ModelName":"RequestInfo","RefId":"b5550274-58a4-42cc-8a89-9afda0748c64&^^&RequestInfo","RefCode":"RequestInfo","RefName":"RequestInfo","RefPath":null,"RefFileName":null,"ModelType":1,"In":"Body","IsRequired":false,"ListDeepth":0,"isCollection":false,"isRetVal":false,"isBasicType":false},{"Id":"b5550274-58a4-42cc-8a89-9afda0748c64&^^&defaultValue","Code":"defaultValue","Name":"默认值","Description":"默认值","ModelId":"b5550274-58a4-42cc-8a89-9afda0748c64&^^&DefaultValue","ModelCode":"DefaultValue","ModelName":"DefaultValue","RefId":"b5550274-58a4-42cc-8a89-9afda0748c64&^^&DefaultValue","RefCode":"DefaultValue","RefName":"DefaultValue","RefPath":null,"RefFileName":null,"ModelType":1,"In":"Body","IsRequired":false,"ListDeepth":0,"isCollection":false,"isRetVal":false,"isBasicType":false},{"Id":"b5550274-58a4-42cc-8a89-9afda0748c64&^^&ResponseInfo","Code":"responseInfo","Name":"响应信息","Description":"响应信息","ModelId":"b5550274-58a4-42cc-8a89-9afda0748c64&^^&ResponseInfo","ModelCode":"ResponseInfo","ModelName":"ResponseInfo","RefId":"b5550274-58a4-42cc-8a89-9afda0748c64&^^&ResponseInfo","RefCode":"ResponseInfo","RefName":"ResponseInfo","RefPath":null,"RefFileName":null,"ModelType":1,"In":"","IsRequired":true,"ListDeepth":0,"isCollection":false,"isRetVal":true,"isBasicType":false}],"ResourceOpId":"b5550274-58a4-42cc-8a89-9afda0748c64&^^&Create","Transaction":false,"AssemblyInfo":null,"Extend1":"Basic","Extend2":null,"isDeprecated":false},{"Id":"b5550274-58a4-42cc-8a89-9afda0748c64&^^&BatchCreate","Code":"BatchCreate","Name":"批量新增公司","Description":"批量新增公司，可指定字段初始值。","HttpMethod":"POST","Template":"/batch","Parameters":[{"Id":"b5550274-58a4-42cc-8a89-9afda0748c64&^^&RequestInfo","Code":"requestInfo","Name":"请求信息","Description":"请求信息","ModelId":"b5550274-58a4-42cc-8a89-9afda0748c64&^^&RequestInfo","ModelCode":"RequestInfo","ModelName":"RequestInfo","RefId":"b5550274-58a4-42cc-8a89-9afda0748c64&^^&RequestInfo","RefCode":"RequestInfo","RefName":"RequestInfo","RefPath":null,"RefFileName":null,"ModelType":1,"In":"Body","IsRequired":true,"ListDeepth":0,"isCollection":false,"isRetVal":false,"isBasicType":false},{"Id":"b5550274-58a4-42cc-8a89-9afda0748c64&^^&retrieveDefaultParam","Code":"retrieveDefaultParam","Name":"默认值","Description":"默认值","ModelId":"b5550274-58a4-42cc-8a89-9afda0748c64&^^&RetrieveDefaultParam","ModelCode":"RetrieveDefaultParam","ModelName":"RetrieveDefaultParam","RefId":"b5550274-58a4-42cc-8a89-9afda0748c64&^^&RetrieveDefaultParam","RefCode":"RetrieveDefaultParam","RefName":"RetrieveDefaultParam","RefPath":null,"RefFileName":null,"ModelType":1,"In":"Body","IsRequired":false,"ListDeepth":0,"isCollection":false,"isRetVal":false,"isBasicType":false},{"Id":"b5550274-58a4-42cc-8a89-9afda0748c64&^^&ResponseInfo","Code":"responseInfo","Name":"响应信息","Description":"响应信息","ModelId":"b5550274-58a4-42cc-8a89-9afda0748c64&^^&ResponseInfo","ModelCode":"ResponseInfo","ModelName":"ResponseInfo","RefId":"b5550274-58a4-42cc-8a89-9afda0748c64&^^&ResponseInfo","RefCode":"ResponseInfo","RefName":"ResponseInfo","RefPath":null,"RefFileName":null,"ModelType":1,"In":"","IsRequired":true,"ListDeepth":0,"isCollection":false,"isRetVal":true,"isBasicType":false}],"ResourceOpId":"b5550274-58a4-42cc-8a89-9afda0748c64&^^&BatchCreate","Transaction":false,"AssemblyInfo":null,"Extend1":"Basic","Extend2":null,"isDeprecated":false},{"Id":"b5550274-58a4-42cc-8a89-9afda0748c64&^^&Edit","Code":"Edit","Name":"编辑公司","Description":"编辑指定的公司，此操作会锁定相应的公司数据。该操作成功后，其他用户不能修改该数据，直到调用”保存“或”取消“操作。","HttpMethod":"PUT","Template":"/service/edit/{dataId}","Parameters":[{"Id":"b5550274-58a4-42cc-8a89-9afda0748c64&^^&RequestInfo","Code":"requestInfo","Name":"请求信息","Description":"请求信息","ModelId":"b5550274-58a4-42cc-8a89-9afda0748c64&^^&RequestInfo","ModelCode":"RequestInfo","ModelName":"RequestInfo","RefId":"b5550274-58a4-42cc-8a89-9afda0748c64&^^&RequestInfo","RefCode":"RequestInfo","RefName":"RequestInfo","RefPath":null,"RefFileName":null,"ModelType":1,"In":"Body","IsRequired":false,"ListDeepth":0,"isCollection":false,"isRetVal":false,"isBasicType":false},{"Id":"b5550274-58a4-42cc-8a89-9afda0748c64&^^&RetrieveParam","Code":"dataId","Name":"单据内码","Description":"单据内码","ModelId":"string","ModelCode":null,"ModelName":"string","RefId":null,"RefCode":null,"RefName":null,"RefPath":null,"RefFileName":null,"ModelType":0,"In":"Path","IsRequired":true,"ListDeepth":0,"isCollection":false,"isRetVal":false,"isBasicType":true},{"Id":"b5550274-58a4-42cc-8a89-9afda0748c64&^^&ResponseInfo","Code":"responseInfo","Name":"响应信息","Description":"响应信息","ModelId":"b5550274-58a4-42cc-8a89-9afda0748c64&^^&ResponseInfo","ModelCode":"ResponseInfo","ModelName":"ResponseInfo","RefId":"b5550274-58a4-42cc-8a89-9afda0748c64&^^&ResponseInfo","RefCode":"ResponseInfo","RefName":"ResponseInfo","RefPath":null,"RefFileName":null,"ModelType":1,"In":"","IsRequired":true,"ListDeepth":0,"isCollection":false,"isRetVal":true,"isBasicType":false}],"ResourceOpId":"b5550274-58a4-42cc-8a89-9afda0748c64&^^&Edit","Transaction":false,"AssemblyInfo":null,"Extend1":"Basic","Extend2":null,"isDeprecated":false},{"Id":"b5550274-58a4-42cc-8a89-9afda0748c64&^^&Delete","Code":"Delete","Name":"删除公司","Description":"删除指定的公司，该操作仅在当前业务上下文中删除，并不会持久化到数据库。后续需调用”保存“操作进行持久化，如需要立即持久化，请调用”删除公司并保存“操作。","HttpMethod":"DELETE","Template":"/{dataId}","Parameters":[{"Id":"b5550274-58a4-42cc-8a89-9afda0748c64&^^&DeleteParam","Code":"dataId","Name":"单据内码","Description":"单据内码","ModelId":"string","ModelCode":null,"ModelName":"string","RefId":null,"RefCode":null,"RefName":null,"RefPath":null,"RefFileName":null,"ModelType":0,"In":"Path","IsRequired":true,"ListDeepth":0,"isCollection":false,"isRetVal":false,"isBasicType":true}],"ResourceOpId":"b5550274-58a4-42cc-8a89-9afda0748c64&^^&Delete","Transaction":false,"AssemblyInfo":null,"Extend1":"Basic","Extend2":null,"isDeprecated":false},{"Id":"b5550274-58a4-42cc-8a89-9afda0748c64&^^&DeleteAndSave","Code":"DeleteAndSave","Name":"删除公司并保存","Description":"删除指定的公司，并持久化到数据库。","HttpMethod":"PUT","Template":"/service/delete/{dataId}","Parameters":[{"Id":"b5550274-58a4-42cc-8a89-9afda0748c64&^^&RequestInfo","Code":"requestInfo","Name":"请求信息","Description":"请求信息","ModelId":"b5550274-58a4-42cc-8a89-9afda0748c64&^^&RequestInfo","ModelCode":"RequestInfo","ModelName":"RequestInfo","RefId":"b5550274-58a4-42cc-8a89-9afda0748c64&^^&RequestInfo","RefCode":"RequestInfo","RefName":"RequestInfo","RefPath":null,"RefFileName":null,"ModelType":1,"In":"Body","IsRequired":false,"ListDeepth":0,"isCollection":false,"isRetVal":false,"isBasicType":false},{"Id":"b5550274-58a4-42cc-8a89-9afda0748c64&^^&DeleteParam","Code":"dataId","Name":"单据内码","Description":"单据内码","ModelId":"string","ModelCode":null,"ModelName":"string","RefId":null,"RefCode":null,"RefName":null,"RefPath":null,"RefFileName":null,"ModelType":0,"In":"Path","IsRequired":true,"ListDeepth":0,"isCollection":false,"isRetVal":false,"isBasicType":true},{"Id":"b5550274-58a4-42cc-8a89-9afda0748c64&^^&ResponseInfo","Code":"responseInfo","Name":"响应信息","Description":"响应信息","ModelId":"b5550274-58a4-42cc-8a89-9afda0748c64&^^&ResponseInfo","ModelCode":"ResponseInfo","ModelName":"ResponseInfo","RefId":"b5550274-58a4-42cc-8a89-9afda0748c64&^^&ResponseInfo","RefCode":"ResponseInfo","RefName":"ResponseInfo","RefPath":null,"RefFileName":null,"ModelType":1,"In":"","IsRequired":true,"ListDeepth":0,"isCollection":false,"isRetVal":true,"isBasicType":false}],"ResourceOpId":"b5550274-58a4-42cc-8a89-9afda0748c64&^^&DeleteAndSave","Transaction":false,"AssemblyInfo":null,"Extend1":"Basic","Extend2":null,"isDeprecated":false},{"Id":"b5550274-58a4-42cc-8a89-9afda0748c64&^^&BatchDelete","Code":"BatchDelete","Name":"批量删除公司","Description":"批量删除指定的公司，该操作仅在当前业务上下文中删除，并不会持久化到数据库。后续需调用”保存“操作进行持久化，如需要立即持久化，请调用”批量删除公司并保存“操作。","HttpMethod":"DELETE","Template":"","Parameters":[{"Id":"b5550274-58a4-42cc-8a89-9afda0748c64&^^&BatchDeleteParam","Code":"ids","Name":"单据内码列表","Description":"单据内码列表","ModelId":"string","ModelCode":null,"ModelName":"string","RefId":null,"RefCode":null,"RefName":null,"RefPath":null,"RefFileName":null,"ModelType":0,"In":"Query","IsRequired":true,"ListDeepth":0,"isCollection":false,"isRetVal":false,"isBasicType":true}],"ResourceOpId":"b5550274-58a4-42cc-8a89-9afda0748c64&^^&BatchDelete","Transaction":false,"AssemblyInfo":null,"Extend1":"Basic","Extend2":null,"isDeprecated":true},{"Id":"b5550274-58a4-42cc-8a89-9afda0748c64&^^&BatchDeleteAndSave","Code":"BatchDeleteAndSave","Name":"批量删除公司并保存","Description":"批量删除指定的公司，并持久化到数据库。","HttpMethod":"POST","Template":"/batchdeleteandsave","Parameters":[{"Id":"b5550274-58a4-42cc-8a89-9afda0748c64&^^&RequestInfo","Code":"requestInfo","Name":"请求信息","Description":"请求信息","ModelId":"b5550274-58a4-42cc-8a89-9afda0748c64&^^&RequestInfo","ModelCode":"RequestInfo","ModelName":"RequestInfo","RefId":"b5550274-58a4-42cc-8a89-9afda0748c64&^^&RequestInfo","RefCode":"RequestInfo","RefName":"RequestInfo","RefPath":null,"RefFileName":null,"ModelType":1,"In":"Body","IsRequired":false,"ListDeepth":0,"isCollection":false,"isRetVal":false,"isBasicType":false},{"Id":"b5550274-58a4-42cc-8a89-9afda0748c64&^^&IdsParam","Code":"ids","Name":"单据内码列表","Description":"批量删除的单据内码列表","ModelId":"string","ModelCode":null,"ModelName":"string","RefId":null,"RefCode":null,"RefName":null,"RefPath":null,"RefFileName":null,"ModelType":0,"In":"Body","IsRequired":true,"ListDeepth":1,"isCollection":true,"isRetVal":false,"isBasicType":true},{"Id":"b5550274-58a4-42cc-8a89-9afda0748c64&^^&ResponseInfo","Code":"responseInfo","Name":"响应信息","Description":"响应信息","ModelId":"b5550274-58a4-42cc-8a89-9afda0748c64&^^&ResponseInfo","ModelCode":"ResponseInfo","ModelName":"ResponseInfo","RefId":"b5550274-58a4-42cc-8a89-9afda0748c64&^^&ResponseInfo","RefCode":"ResponseInfo","RefName":"ResponseInfo","RefPath":null,"RefFileName":null,"ModelType":1,"In":"","IsRequired":true,"ListDeepth":0,"isCollection":false,"isRetVal":true,"isBasicType":false}],"ResourceOpId":"b5550274-58a4-42cc-8a89-9afda0748c64&^^&BatchDeleteAndSave","Transaction":false,"AssemblyInfo":null,"Extend1":"Basic","Extend2":null,"isDeprecated":false},{"Id":"b5550274-58a4-42cc-8a89-9afda0748c64&^^&Update","Code":"Update","Name":"更新公司","Description":"通过变更集更新公司。","HttpMethod":"PATCH","Template":"","Parameters":[{"Id":"b5550274-58a4-42cc-8a89-9afda0748c64&^^&RequestInfo","Code":"requestInfo","Name":"请求信息","Description":"请求信息","ModelId":"b5550274-58a4-42cc-8a89-9afda0748c64&^^&RequestInfo","ModelCode":"RequestInfo","ModelName":"RequestInfo","RefId":"b5550274-58a4-42cc-8a89-9afda0748c64&^^&RequestInfo","RefCode":"RequestInfo","RefName":"RequestInfo","RefPath":null,"RefFileName":null,"ModelType":1,"In":"Body","IsRequired":false,"ListDeepth":0,"isCollection":false,"isRetVal":false,"isBasicType":false},{"Id":"b5550274-58a4-42cc-8a89-9afda0748c64&^^&UpdateParam","Code":"changeDetail","Name":"数据变更集","Description":"数据变更集","ModelId":"b5550274-58a4-42cc-8a89-9afda0748c64&^^&ChangeDetail","ModelCode":"ChangeDetail","ModelName":"ChangeDetail","RefId":"b5550274-58a4-42cc-8a89-9afda0748c64&^^&ChangeDetail","RefCode":"ChangeDetail","RefName":"ChangeDetail","RefPath":null,"RefFileName":null,"ModelType":1,"In":"Body","IsRequired":true,"ListDeepth":0,"isCollection":false,"isRetVal":false,"isBasicType":false},{"Id":"b5550274-58a4-42cc-8a89-9afda0748c64&^^&ResponseInfo","Code":"responseInfo","Name":"响应信息","Description":"响应信息","ModelId":"b5550274-58a4-42cc-8a89-9afda0748c64&^^&ResponseInfo","ModelCode":"ResponseInfo","ModelName":"ResponseInfo","RefId":"b5550274-58a4-42cc-8a89-9afda0748c64&^^&ResponseInfo","RefCode":"ResponseInfo","RefName":"ResponseInfo","RefPath":null,"RefFileName":null,"ModelType":1,"In":"","IsRequired":true,"ListDeepth":0,"isCollection":false,"isRetVal":true,"isBasicType":false}],"ResourceOpId":"b5550274-58a4-42cc-8a89-9afda0748c64&^^&Update","Transaction":false,"AssemblyInfo":null,"Extend1":"Basic","Extend2":null,"isDeprecated":false},{"Id":"b5550274-58a4-42cc-8a89-9afda0748c64&^^&Retrieve","Code":"Retrieve","Name":"检索公司","Description":"检索指定的公司，返回结果中包含公司的所有子表数据。","HttpMethod":"GET","Template":"/{dataId}","Parameters":[{"Id":"b5550274-58a4-42cc-8a89-9afda0748c64&^^&RetrieveParam","Code":"dataId","Name":"单据内码","Description":"单据内码","ModelId":"string","ModelCode":null,"ModelName":"string","RefId":null,"RefCode":null,"RefName":null,"RefPath":null,"RefFileName":null,"ModelType":0,"In":"Path","IsRequired":true,"ListDeepth":0,"isCollection":false,"isRetVal":false,"isBasicType":true},{"Id":"b5550274-58a4-42cc-8a89-9afda0748c64&^^&RetrieveParam1","Code":"GCompany","Name":"公司","Description":"实体模型","ModelId":"b5550274-58a4-42cc-8a89-9afda0748c64","ModelCode":"GCompanyDList_frm","ModelName":"公司名称_frm","RefId":"104ca6b8-5fc5-4676-a88b-40c0b0f79e7e","RefCode":"GCompany","RefName":"公司","RefPath":null,"RefFileName":null,"ModelType":0,"In":"","IsRequired":true,"ListDeepth":0,"isCollection":false,"isRetVal":true,"isBasicType":false}],"ResourceOpId":"b5550274-58a4-42cc-8a89-9afda0748c64&^^&Retrieve","Transaction":false,"AssemblyInfo":null,"Extend1":"Basic","Extend2":null,"isDeprecated":false},{"Id":"b5550274-58a4-42cc-8a89-9afda0748c64&^^&RetrieveWithChildPagination","Code":"RetrieveWithChildPagination","Name":"检索公司（支持子表分页）","Description":"检索指定的公司，可对指定子表进行分页。","HttpMethod":"PUT","Template":"/service/retrieve/{dataId}","Parameters":[{"Id":"b5550274-58a4-42cc-8a89-9afda0748c64&^^&RequestInfo","Code":"requestInfo","Name":"请求信息","Description":"请求信息","ModelId":"b5550274-58a4-42cc-8a89-9afda0748c64&^^&RequestInfo","ModelCode":"RequestInfo","ModelName":"RequestInfo","RefId":"b5550274-58a4-42cc-8a89-9afda0748c64&^^&RequestInfo","RefCode":"RequestInfo","RefName":"RequestInfo","RefPath":null,"RefFileName":null,"ModelType":1,"In":"Body","IsRequired":false,"ListDeepth":0,"isCollection":false,"isRetVal":false,"isBasicType":false},{"Id":"b5550274-58a4-42cc-8a89-9afda0748c64&^^&dataId","Code":"dataId","Name":"单据内码","Description":"单据内码","ModelId":"string","ModelCode":null,"ModelName":"string","RefId":null,"RefCode":null,"RefName":null,"RefPath":null,"RefFileName":null,"ModelType":0,"In":"Path","IsRequired":true,"ListDeepth":0,"isCollection":false,"isRetVal":false,"isBasicType":true},{"Id":"b5550274-58a4-42cc-8a89-9afda0748c64&^^&retrieveParam","Code":"retrieveParam","Name":"查询参数","Description":"查询参数","ModelId":"b5550274-58a4-42cc-8a89-9afda0748c64&^^&RetrieveParam","ModelCode":"RetrieveParam","ModelName":"RetrieveParam","RefId":"b5550274-58a4-42cc-8a89-9afda0748c64&^^&RetrieveParam","RefCode":"RetrieveParam","RefName":"RetrieveParam","RefPath":null,"RefFileName":null,"ModelType":1,"In":"Body","IsRequired":true,"ListDeepth":0,"isCollection":false,"isRetVal":false,"isBasicType":false},{"Id":"b5550274-58a4-42cc-8a89-9afda0748c64&^^&ResponseInfo","Code":"responseInfo","Name":"响应信息","Description":"响应信息","ModelId":"b5550274-58a4-42cc-8a89-9afda0748c64&^^&ResponseInfo","ModelCode":"ResponseInfo","ModelName":"ResponseInfo","RefId":"b5550274-58a4-42cc-8a89-9afda0748c64&^^&ResponseInfo","RefCode":"ResponseInfo","RefName":"ResponseInfo","RefPath":null,"RefFileName":null,"ModelType":1,"In":"","IsRequired":true,"ListDeepth":0,"isCollection":false,"isRetVal":true,"isBasicType":false}],"ResourceOpId":"b5550274-58a4-42cc-8a89-9afda0748c64&^^&RetrieveWithChildPagination","Transaction":false,"AssemblyInfo":null,"Extend1":"Basic","Extend2":null,"isDeprecated":false},{"Id":"b5550274-58a4-42cc-8a89-9afda0748c64&^^&QueryChild","Code":"QueryChild","Name":"查询公司特定子表的数据","Description":"查询指定的公司下特定子表的数据。可对指定子表进行过滤、排序、分页。","HttpMethod":"PUT","Template":"/service/querychild","Parameters":[{"Id":"b5550274-58a4-42cc-8a89-9afda0748c64&^^&RequestInfo","Code":"requestInfo","Name":"请求信息","Description":"请求信息","ModelId":"b5550274-58a4-42cc-8a89-9afda0748c64&^^&RequestInfo","ModelCode":"RequestInfo","ModelName":"RequestInfo","RefId":"b5550274-58a4-42cc-8a89-9afda0748c64&^^&RequestInfo","RefCode":"RequestInfo","RefName":"RequestInfo","RefPath":null,"RefFileName":null,"ModelType":1,"In":"Body","IsRequired":false,"ListDeepth":0,"isCollection":false,"isRetVal":false,"isBasicType":false},{"Id":"b5550274-58a4-42cc-8a89-9afda0748c64&^^&nodeCodes","Code":"nodeCodes","Name":"节点编号列表","Description":"节点编号列表","ModelId":"string","ModelCode":null,"ModelName":"string","RefId":null,"RefCode":null,"RefName":null,"RefPath":null,"RefFileName":null,"ModelType":0,"In":"Body","IsRequired":true,"ListDeepth":1,"isCollection":true,"isRetVal":false,"isBasicType":true},{"Id":"b5550274-58a4-42cc-8a89-9afda0748c64&^^&ids","Code":"ids","Name":"内码列表","Description":"内码列表","ModelId":"string","ModelCode":null,"ModelName":"string","RefId":null,"RefCode":null,"RefName":null,"RefPath":null,"RefFileName":null,"ModelType":0,"In":"Body","IsRequired":true,"ListDeepth":1,"isCollection":true,"isRetVal":false,"isBasicType":true},{"Id":"b5550274-58a4-42cc-8a89-9afda0748c64&^^&pagination","Code":"pagination","Name":"分页信息","Description":"分页信息","ModelId":"b5550274-58a4-42cc-8a89-9afda0748c64&^^&Pagination","ModelCode":"Pagination","ModelName":"Pagination","RefId":"b5550274-58a4-42cc-8a89-9afda0748c64&^^&Pagination","RefCode":"Pagination","RefName":"Pagination","RefPath":null,"RefFileName":null,"ModelType":1,"In":"Body","IsRequired":true,"ListDeepth":0,"isCollection":false,"isRetVal":false,"isBasicType":false},{"Id":"b5550274-58a4-42cc-8a89-9afda0748c64&^^&ResponseInfo","Code":"responseInfo","Name":"响应信息","Description":"响应信息","ModelId":"b5550274-58a4-42cc-8a89-9afda0748c64&^^&ResponseInfo","ModelCode":"ResponseInfo","ModelName":"ResponseInfo","RefId":"b5550274-58a4-42cc-8a89-9afda0748c64&^^&ResponseInfo","RefCode":"ResponseInfo","RefName":"ResponseInfo","RefPath":null,"RefFileName":null,"ModelType":1,"In":"","IsRequired":true,"ListDeepth":0,"isCollection":false,"isRetVal":true,"isBasicType":false}],"ResourceOpId":"b5550274-58a4-42cc-8a89-9afda0748c64&^^&QueryChild","Transaction":false,"AssemblyInfo":null,"Extend1":"Basic","Extend2":null,"isDeprecated":false},{"Id":"b5550274-58a4-42cc-8a89-9afda0748c64&^^&Query","Code":"Query","Name":"查询公司","Description":"查询公司，可指定查询过滤条件、排序字段、设置分页。","HttpMethod":"GET","Template":"","Parameters":[{"Id":"b5550274-58a4-42cc-8a89-9afda0748c64&^^&EntityFilterParam","Code":"entityFilter","Name":"过滤条件","Description":"过滤条件","ModelId":"string","ModelCode":null,"ModelName":"string","RefId":null,"RefCode":null,"RefName":null,"RefPath":null,"RefFileName":null,"ModelType":0,"In":"Query","IsRequired":true,"ListDeepth":0,"isCollection":false,"isRetVal":false,"isBasicType":true},{"Id":"b5550274-58a4-42cc-8a89-9afda0748c64&^^&QueryParam","Code":"GCompany","Name":"公司","Description":"实体模型","ModelId":"b5550274-58a4-42cc-8a89-9afda0748c64","ModelCode":"GCompanyDList_frm","ModelName":"公司名称_frm","RefId":"104ca6b8-5fc5-4676-a88b-40c0b0f79e7e","RefCode":"GCompany","RefName":"公司","RefPath":null,"RefFileName":null,"ModelType":0,"In":"","IsRequired":true,"ListDeepth":1,"isCollection":true,"isRetVal":true,"isBasicType":false}],"ResourceOpId":"b5550274-58a4-42cc-8a89-9afda0748c64&^^&Query","Transaction":false,"AssemblyInfo":null,"Extend1":"Basic","Extend2":null,"isDeprecated":true},{"Id":"b5550274-58a4-42cc-8a89-9afda0748c64&^^&Save","Code":"Save","Name":"保存","Description":"将当前业务上下文内所有修改的数据持久化到数据库。","HttpMethod":"PUT","Template":"","Parameters":[{"Id":"b5550274-58a4-42cc-8a89-9afda0748c64&^^&RequestInfo","Code":"requestInfo","Name":"请求信息","Description":"请求信息","ModelId":"b5550274-58a4-42cc-8a89-9afda0748c64&^^&RequestInfo","ModelCode":"RequestInfo","ModelName":"RequestInfo","RefId":"b5550274-58a4-42cc-8a89-9afda0748c64&^^&RequestInfo","RefCode":"RequestInfo","RefName":"RequestInfo","RefPath":null,"RefFileName":null,"ModelType":1,"In":"Body","IsRequired":false,"ListDeepth":0,"isCollection":false,"isRetVal":false,"isBasicType":false},{"Id":"b5550274-58a4-42cc-8a89-9afda0748c64&^^&ResponseInfo","Code":"responseInfo","Name":"响应信息","Description":"响应信息","ModelId":"b5550274-58a4-42cc-8a89-9afda0748c64&^^&ResponseInfo","ModelCode":"ResponseInfo","ModelName":"ResponseInfo","RefId":"b5550274-58a4-42cc-8a89-9afda0748c64&^^&ResponseInfo","RefCode":"ResponseInfo","RefName":"ResponseInfo","RefPath":null,"RefFileName":null,"ModelType":1,"In":"","IsRequired":true,"ListDeepth":0,"isCollection":false,"isRetVal":true,"isBasicType":false}],"ResourceOpId":"b5550274-58a4-42cc-8a89-9afda0748c64&^^&Save","Transaction":false,"AssemblyInfo":null,"Extend1":"Basic","Extend2":null,"isDeprecated":false},{"Id":"b5550274-58a4-42cc-8a89-9afda0748c64&^^&Cancel","Code":"Cancel","Name":"取消","Description":"取消所有数据的修改，此操作会将修改过程中锁定的数据解锁。","HttpMethod":"POST","Template":"service/cancel","Parameters":null,"ResourceOpId":"b5550274-58a4-42cc-8a89-9afda0748c64&^^&Cancel","Transaction":false,"AssemblyInfo":null,"Extend1":"Basic","Extend2":null,"isDeprecated":false},{"Id":"b5550274-58a4-42cc-8a89-9afda0748c64&^^&HasChanges","Code":"HasChanges","Name":"检查变更","Description":"检查当前业务上下文内是否存在未保存的变更","HttpMethod":"PUT","Template":"haschanges","Parameters":[{"Id":"b5550274-58a4-42cc-8a89-9afda0748c64&^^&RequestInfo","Code":"requestInfo","Name":"请求信息","Description":"请求信息","ModelId":"b5550274-58a4-42cc-8a89-9afda0748c64&^^&RequestInfo","ModelCode":"RequestInfo","ModelName":"RequestInfo","RefId":"b5550274-58a4-42cc-8a89-9afda0748c64&^^&RequestInfo","RefCode":"RequestInfo","RefName":"RequestInfo","RefPath":null,"RefFileName":null,"ModelType":1,"In":"Body","IsRequired":false,"ListDeepth":0,"isCollection":false,"isRetVal":false,"isBasicType":false},{"Id":"b5550274-58a4-42cc-8a89-9afda0748c64&^^&ResponseInfo","Code":"responseInfo","Name":"响应信息","Description":"响应信息","ModelId":"b5550274-58a4-42cc-8a89-9afda0748c64&^^&ResponseInfo","ModelCode":"ResponseInfo","ModelName":"ResponseInfo","RefId":"b5550274-58a4-42cc-8a89-9afda0748c64&^^&ResponseInfo","RefCode":"ResponseInfo","RefName":"ResponseInfo","RefPath":null,"RefFileName":null,"ModelType":1,"In":"","IsRequired":true,"ListDeepth":0,"isCollection":false,"isRetVal":true,"isBasicType":false}],"ResourceOpId":"b5550274-58a4-42cc-8a89-9afda0748c64&^^&HasChanges","Transaction":false,"AssemblyInfo":null,"Extend1":"Basic","Extend2":null,"isDeprecated":false},{"Id":"b5550274-58a4-42cc-8a89-9afda0748c64&^^&ElementHelp","Code":"GetElementHelp","Name":"获取字段帮助数据","Description":"获取指定帮助字段的帮助数据，支持公司及其子表的所有帮助字段的帮助数据。如果查询条件较长，建议使用”获取字段帮助数据“操作。","HttpMethod":"GET","Template":"elementhelps/{labelId}","Parameters":[{"Id":"b5550274-58a4-42cc-8a89-9afda0748c64&^^&labelIdParam","Code":"labelId","Name":"标签Id","Description":"标签内码","ModelId":"string","ModelCode":null,"ModelName":"string","RefId":null,"RefCode":null,"RefName":null,"RefPath":null,"RefFileName":null,"ModelType":0,"In":"Path","IsRequired":true,"ListDeepth":0,"isCollection":false,"isRetVal":false,"isBasicType":true},{"Id":"b5550274-58a4-42cc-8a89-9afda0748c64&^^&nodeCodeParam","Code":"nodeCode","Name":"节点编号","Description":"节点编号","ModelId":"string","ModelCode":null,"ModelName":"string","RefId":null,"RefCode":null,"RefName":null,"RefPath":null,"RefFileName":null,"ModelType":0,"In":"Query","IsRequired":true,"ListDeepth":0,"isCollection":false,"isRetVal":false,"isBasicType":true},{"Id":"b5550274-58a4-42cc-8a89-9afda0748c64&^^&queryParam","Code":"queryParam","Name":"查询参数","Description":"查询参数","ModelId":"string","ModelCode":null,"ModelName":"string","RefId":null,"RefCode":null,"RefName":null,"RefPath":null,"RefFileName":null,"ModelType":0,"In":"Query","IsRequired":true,"ListDeepth":0,"isCollection":false,"isRetVal":false,"isBasicType":true},{"Id":"b5550274-58a4-42cc-8a89-9afda0748c64&^^&ElementHelpRetParam","Code":"return","Name":"返回值","Description":"返回值","ModelId":"b5550274-58a4-42cc-8a89-9afda0748c64&^^&LookupResult","ModelCode":"LookupResult","ModelName":"LookupResult","RefId":"b5550274-58a4-42cc-8a89-9afda0748c64&^^&LookupResult","RefCode":"LookupResult","RefName":"LookupResult","RefPath":null,"RefFileName":null,"ModelType":1,"In":"","IsRequired":true,"ListDeepth":0,"isCollection":false,"isRetVal":true,"isBasicType":false}],"ResourceOpId":"b5550274-58a4-42cc-8a89-9afda0748c64&^^&ElementHelp","Transaction":false,"AssemblyInfo":null,"Extend1":"Basic","Extend2":null,"isDeprecated":true},{"Id":"b5550274-58a4-42cc-8a89-9afda0748c64&^^&Extend_Delete","Code":"Extend_Delete","Name":"删除公司","Description":"删除指定的公司。该操作仅在当前业务上下文中删除，并不会持久化到数据库。后续需调用”保存“操作进行持久化，如需要立即持久化，请调用”删除公司并保存“操作。也可通过变更集，在删除过程中修改其他数据，并返回删除过程中产生的其他变更。","HttpMethod":"PUT","Template":"/extension/delete/{dataId}","Parameters":[{"Id":"b5550274-58a4-42cc-8a89-9afda0748c64&^^&RequestInfo","Code":"requestInfo","Name":"请求信息","Description":"请求信息","ModelId":"b5550274-58a4-42cc-8a89-9afda0748c64&^^&RequestInfo","ModelCode":"RequestInfo","ModelName":"RequestInfo","RefId":"b5550274-58a4-42cc-8a89-9afda0748c64&^^&RequestInfo","RefCode":"RequestInfo","RefName":"RequestInfo","RefPath":null,"RefFileName":null,"ModelType":1,"In":"Body","IsRequired":false,"ListDeepth":0,"isCollection":false,"isRetVal":false,"isBasicType":false},{"Id":"b5550274-58a4-42cc-8a89-9afda0748c64&^^&DeleteParam","Code":"dataId","Name":"单据内码","Description":"单据内码","ModelId":"string","ModelCode":null,"ModelName":"string","RefId":null,"RefCode":null,"RefName":null,"RefPath":null,"RefFileName":null,"ModelType":0,"In":"Path","IsRequired":false,"ListDeepth":0,"isCollection":false,"isRetVal":false,"isBasicType":true},{"Id":"b5550274-58a4-42cc-8a89-9afda0748c64&^^&ResponseInfo","Code":"responseInfo","Name":"响应信息","Description":"响应信息","ModelId":"b5550274-58a4-42cc-8a89-9afda0748c64&^^&ResponseInfo","ModelCode":"ResponseInfo","ModelName":"ResponseInfo","RefId":"b5550274-58a4-42cc-8a89-9afda0748c64&^^&ResponseInfo","RefCode":"ResponseInfo","RefName":"ResponseInfo","RefPath":null,"RefFileName":null,"ModelType":1,"In":"","IsRequired":true,"ListDeepth":0,"isCollection":false,"isRetVal":true,"isBasicType":false}],"ResourceOpId":"b5550274-58a4-42cc-8a89-9afda0748c64&^^&Extend_Delete","Transaction":false,"AssemblyInfo":null,"Extend1":"Basic","Extend2":null,"isDeprecated":false},{"Id":"b5550274-58a4-42cc-8a89-9afda0748c64&^^&Extend_BatchDelete","Code":"Extend_BatchDelete","Name":"批量删除公司","Description":"批量删除指定的公司，如删除数据较多，建议使用”批量删除公司“操作。","HttpMethod":"PUT","Template":"/extension/batchdelete","Parameters":[{"Id":"b5550274-58a4-42cc-8a89-9afda0748c64&^^&RequestInfo","Code":"requestInfo","Name":"请求信息","Description":"请求信息","ModelId":"b5550274-58a4-42cc-8a89-9afda0748c64&^^&RequestInfo","ModelCode":"RequestInfo","ModelName":"RequestInfo","RefId":"b5550274-58a4-42cc-8a89-9afda0748c64&^^&RequestInfo","RefCode":"RequestInfo","RefName":"RequestInfo","RefPath":null,"RefFileName":null,"ModelType":1,"In":"Body","IsRequired":false,"ListDeepth":0,"isCollection":false,"isRetVal":false,"isBasicType":false},{"Id":"b5550274-58a4-42cc-8a89-9afda0748c64&^^&BatchDeleteParam","Code":"ids","Name":"单据内码列表","Description":"单据内码列表","ModelId":"string","ModelCode":null,"ModelName":"string","RefId":null,"RefCode":null,"RefName":null,"RefPath":null,"RefFileName":null,"ModelType":0,"In":"Query","IsRequired":true,"ListDeepth":0,"isCollection":false,"isRetVal":false,"isBasicType":true},{"Id":"b5550274-58a4-42cc-8a89-9afda0748c64&^^&ResponseInfo","Code":"responseInfo","Name":"响应信息","Description":"响应信息","ModelId":"b5550274-58a4-42cc-8a89-9afda0748c64&^^&ResponseInfo","ModelCode":"ResponseInfo","ModelName":"ResponseInfo","RefId":"b5550274-58a4-42cc-8a89-9afda0748c64&^^&ResponseInfo","RefCode":"ResponseInfo","RefName":"ResponseInfo","RefPath":null,"RefFileName":null,"ModelType":1,"In":"","IsRequired":true,"ListDeepth":0,"isCollection":false,"isRetVal":true,"isBasicType":false}],"ResourceOpId":"b5550274-58a4-42cc-8a89-9afda0748c64&^^&Extend_BatchDelete","Transaction":false,"AssemblyInfo":null,"Extend1":"Basic","Extend2":null,"isDeprecated":true},{"Id":"b5550274-58a4-42cc-8a89-9afda0748c64&^^&Extension_BatchDeletion","Code":"Extension_BatchDeletion","Name":"批量删除公司","Description":"批量删除指定的公司，该操作仅在当前业务上下文中删除，并不会持久化到数据库。后续需调用”保存“操作进行持久化，如需要立即持久化，请调用”批量删除公司并保存“操作。可在删除过程中，修改其他数据，并返回删除过程中产生的其他变更。","HttpMethod":"PUT","Template":"/extension/batchdeletion","Parameters":[{"Id":"b5550274-58a4-42cc-8a89-9afda0748c64&^^&RequestInfo","Code":"requestInfo","Name":"请求信息","Description":"请求信息","ModelId":"b5550274-58a4-42cc-8a89-9afda0748c64&^^&RequestInfo","ModelCode":"RequestInfo","ModelName":"RequestInfo","RefId":"b5550274-58a4-42cc-8a89-9afda0748c64&^^&RequestInfo","RefCode":"RequestInfo","RefName":"RequestInfo","RefPath":null,"RefFileName":null,"ModelType":1,"In":"Body","IsRequired":false,"ListDeepth":0,"isCollection":false,"isRetVal":false,"isBasicType":false},{"Id":"b5550274-58a4-42cc-8a89-9afda0748c64&^^&Ids","Code":"ids","Name":"单据内码集合","Description":"批量删除的内码集合","ModelId":"string","ModelCode":null,"ModelName":"string","RefId":null,"RefCode":null,"RefName":null,"RefPath":null,"RefFileName":null,"ModelType":0,"In":"Body","IsRequired":true,"ListDeepth":1,"isCollection":true,"isRetVal":false,"isBasicType":true},{"Id":"b5550274-58a4-42cc-8a89-9afda0748c64&^^&ResponseInfo","Code":"responseInfo","Name":"响应信息","Description":"响应信息","ModelId":"b5550274-58a4-42cc-8a89-9afda0748c64&^^&ResponseInfo","ModelCode":"ResponseInfo","ModelName":"ResponseInfo","RefId":"b5550274-58a4-42cc-8a89-9afda0748c64&^^&ResponseInfo","RefCode":"ResponseInfo","RefName":"ResponseInfo","RefPath":null,"RefFileName":null,"ModelType":1,"In":"","IsRequired":true,"ListDeepth":0,"isCollection":false,"isRetVal":true,"isBasicType":false}],"ResourceOpId":"b5550274-58a4-42cc-8a89-9afda0748c64&^^&Extension_BatchDeletion","Transaction":false,"AssemblyInfo":null,"Extend1":"Basic","Extend2":null,"isDeprecated":false},{"Id":"b5550274-58a4-42cc-8a89-9afda0748c64&^^&Extend_Retrieve","Code":"Extend_Retrieve","Name":"检索公司","Description":"检索指定的公司，返回结果中包含公司的所有子表数据。也可通过变更集，在删除过程中修改其他数据，并返回删除过程中产生的其他变更。","HttpMethod":"PUT","Template":"/extension/retrieve/{dataId}","Parameters":[{"Id":"b5550274-58a4-42cc-8a89-9afda0748c64&^^&RequestInfo","Code":"requestInfo","Name":"请求信息","Description":"请求信息","ModelId":"b5550274-58a4-42cc-8a89-9afda0748c64&^^&RequestInfo","ModelCode":"RequestInfo","ModelName":"RequestInfo","RefId":"b5550274-58a4-42cc-8a89-9afda0748c64&^^&RequestInfo","RefCode":"RequestInfo","RefName":"RequestInfo","RefPath":null,"RefFileName":null,"ModelType":1,"In":"Body","IsRequired":false,"ListDeepth":0,"isCollection":false,"isRetVal":false,"isBasicType":false},{"Id":"b5550274-58a4-42cc-8a89-9afda0748c64&^^&RetrieveParam","Code":"dataId","Name":"单据内码","Description":"单据内码","ModelId":"string","ModelCode":null,"ModelName":"string","RefId":null,"RefCode":null,"RefName":null,"RefPath":null,"RefFileName":null,"ModelType":0,"In":"Path","IsRequired":true,"ListDeepth":0,"isCollection":false,"isRetVal":false,"isBasicType":true},{"Id":"b5550274-58a4-42cc-8a89-9afda0748c64&^^&ResponseInfo","Code":"responseInfo","Name":"响应信息","Description":"响应信息","ModelId":"b5550274-58a4-42cc-8a89-9afda0748c64&^^&ResponseInfo","ModelCode":"ResponseInfo","ModelName":"ResponseInfo","RefId":"b5550274-58a4-42cc-8a89-9afda0748c64&^^&ResponseInfo","RefCode":"ResponseInfo","RefName":"ResponseInfo","RefPath":null,"RefFileName":null,"ModelType":1,"In":"","IsRequired":true,"ListDeepth":0,"isCollection":false,"isRetVal":true,"isBasicType":false}],"ResourceOpId":"b5550274-58a4-42cc-8a89-9afda0748c64&^^&Extend_Retrieve","Transaction":false,"AssemblyInfo":null,"Extend1":"Basic","Extend2":null,"isDeprecated":false},{"Id":"b5550274-58a4-42cc-8a89-9afda0748c64&^^&Extend_Query","Code":"Extend_Query","Name":"查询公司","Description":"按照查询条件查询公司。如果查询条件较长，建议使用”查询公司“操作。","HttpMethod":"PUT","Template":"/extension/query","Parameters":[{"Id":"b5550274-58a4-42cc-8a89-9afda0748c64&^^&RequestInfo","Code":"requestInfo","Name":"请求信息","Description":"请求信息","ModelId":"b5550274-58a4-42cc-8a89-9afda0748c64&^^&RequestInfo","ModelCode":"RequestInfo","ModelName":"RequestInfo","RefId":"b5550274-58a4-42cc-8a89-9afda0748c64&^^&RequestInfo","RefCode":"RequestInfo","RefName":"RequestInfo","RefPath":null,"RefFileName":null,"ModelType":1,"In":"Body","IsRequired":false,"ListDeepth":0,"isCollection":false,"isRetVal":false,"isBasicType":false},{"Id":"b5550274-58a4-42cc-8a89-9afda0748c64&^^&EntityFilterParam","Code":"entityFilter","Name":"过滤条件","Description":"过滤条件","ModelId":"string","ModelCode":null,"ModelName":"string","RefId":null,"RefCode":null,"RefName":null,"RefPath":null,"RefFileName":null,"ModelType":0,"In":"Query","IsRequired":false,"ListDeepth":0,"isCollection":false,"isRetVal":false,"isBasicType":true},{"Id":"b5550274-58a4-42cc-8a89-9afda0748c64&^^&ResponseInfo","Code":"responseInfo","Name":"响应信息","Description":"响应信息","ModelId":"b5550274-58a4-42cc-8a89-9afda0748c64&^^&ResponseInfo","ModelCode":"ResponseInfo","ModelName":"ResponseInfo","RefId":"b5550274-58a4-42cc-8a89-9afda0748c64&^^&ResponseInfo","RefCode":"ResponseInfo","RefName":"ResponseInfo","RefPath":null,"RefFileName":null,"ModelType":1,"In":"","IsRequired":true,"ListDeepth":0,"isCollection":false,"isRetVal":true,"isBasicType":false}],"ResourceOpId":"b5550274-58a4-42cc-8a89-9afda0748c64&^^&Extend_Query","Transaction":false,"AssemblyInfo":null,"Extend1":"Basic","Extend2":null,"isDeprecated":true},{"Id":"b5550274-58a4-42cc-8a89-9afda0748c64&^^&Extension_Filter","Code":"Extension_Filter","Name":"查询公司","Description":"按照查询条件查询公司，可指定查询过滤条件、排序字段、设置分页。也可通过变更集，在删除过程中修改其他数据，并返回删除过程中产生的其他变更。","HttpMethod":"POST","Template":"/extension/filter","Parameters":[{"Id":"b5550274-58a4-42cc-8a89-9afda0748c64&^^&RequestInfo","Code":"requestInfo","Name":"请求信息","Description":"请求信息","ModelId":"b5550274-58a4-42cc-8a89-9afda0748c64&^^&RequestInfo","ModelCode":"RequestInfo","ModelName":"RequestInfo","RefId":"b5550274-58a4-42cc-8a89-9afda0748c64&^^&RequestInfo","RefCode":"RequestInfo","RefName":"RequestInfo","RefPath":null,"RefFileName":null,"ModelType":1,"In":"Body","IsRequired":false,"ListDeepth":0,"isCollection":false,"isRetVal":false,"isBasicType":false},{"Id":"b5550274-58a4-42cc-8a89-9afda0748c64&^^&EntityFilter","Code":"entityFilter","Name":"过滤条件","Description":"过滤条件","ModelId":"b5550274-58a4-42cc-8a89-9afda0748c64&^^&EntityFilter","ModelCode":"EntityFilter","ModelName":"EntityFilter","RefId":"b5550274-58a4-42cc-8a89-9afda0748c64&^^&EntityFilter","RefCode":"EntityFilter","RefName":"EntityFilter","RefPath":null,"RefFileName":null,"ModelType":1,"In":"Body","IsRequired":false,"ListDeepth":0,"isCollection":false,"isRetVal":false,"isBasicType":false},{"Id":"b5550274-58a4-42cc-8a89-9afda0748c64&^^&ResponseInfo","Code":"responseInfo","Name":"响应信息","Description":"响应信息","ModelId":"b5550274-58a4-42cc-8a89-9afda0748c64&^^&ResponseInfo","ModelCode":"ResponseInfo","ModelName":"ResponseInfo","RefId":"b5550274-58a4-42cc-8a89-9afda0748c64&^^&ResponseInfo","RefCode":"ResponseInfo","RefName":"ResponseInfo","RefPath":null,"RefFileName":null,"ModelType":1,"In":"","IsRequired":true,"ListDeepth":0,"isCollection":false,"isRetVal":true,"isBasicType":false}],"ResourceOpId":"b5550274-58a4-42cc-8a89-9afda0748c64&^^&Extension_Filter","Transaction":false,"AssemblyInfo":null,"Extend1":"Basic","Extend2":null,"isDeprecated":false},{"Id":"b5550274-58a4-42cc-8a89-9afda0748c64&^^&Extend_ElementHelp","Code":"Extend_GetElementHelp","Name":"获取字段帮助数据","Description":"获取指定帮助字段的帮助数据，支持公司及其子表的所有帮助字段的帮助数据。也可通过变更集，在删除过程中修改其他数据，并返回删除过程中产生的其他变更。","HttpMethod":"PUT","Template":"/extension/elementhelps","Parameters":[{"Id":"b5550274-58a4-42cc-8a89-9afda0748c64&^^&RequestInfo","Code":"requestInfo","Name":"请求信息","Description":"请求信息","ModelId":"b5550274-58a4-42cc-8a89-9afda0748c64&^^&RequestInfo","ModelCode":"RequestInfo","ModelName":"RequestInfo","RefId":"b5550274-58a4-42cc-8a89-9afda0748c64&^^&RequestInfo","RefCode":"RequestInfo","RefName":"RequestInfo","RefPath":null,"RefFileName":null,"ModelType":1,"In":"Body","IsRequired":false,"ListDeepth":0,"isCollection":false,"isRetVal":false,"isBasicType":false},{"Id":"b5550274-58a4-42cc-8a89-9afda0748c64&^^&labelIdParam","Code":"labelId","Name":"标签Id","Description":"标签内码","ModelId":"string","ModelCode":null,"ModelName":"string","RefId":null,"RefCode":null,"RefName":null,"RefPath":null,"RefFileName":null,"ModelType":0,"In":"Body","IsRequired":true,"ListDeepth":0,"isCollection":false,"isRetVal":false,"isBasicType":true},{"Id":"b5550274-58a4-42cc-8a89-9afda0748c64&^^&nodeCodeParam","Code":"nodeCode","Name":"节点编号","Description":"节点编号","ModelId":"string","ModelCode":null,"ModelName":"string","RefId":null,"RefCode":null,"RefName":null,"RefPath":null,"RefFileName":null,"ModelType":0,"In":"Body","IsRequired":true,"ListDeepth":0,"isCollection":false,"isRetVal":false,"isBasicType":true},{"Id":"b5550274-58a4-42cc-8a89-9afda0748c64&^^&queryParam","Code":"queryParam","Name":"查询参数","Description":"查询参数","ModelId":"b5550274-58a4-42cc-8a89-9afda0748c64&^^&LookupQueryParam","ModelCode":"LookupQueryParam","ModelName":"LookupQueryParam","RefId":"b5550274-58a4-42cc-8a89-9afda0748c64&^^&LookupQueryParam","RefCode":"LookupQueryParam","RefName":"LookupQueryParam","RefPath":null,"RefFileName":null,"ModelType":1,"In":"Body","IsRequired":true,"ListDeepth":0,"isCollection":false,"isRetVal":false,"isBasicType":true},{"Id":"b5550274-58a4-42cc-8a89-9afda0748c64&^^&ResponseInfo","Code":"responseInfo","Name":"响应信息","Description":"响应信息","ModelId":"b5550274-58a4-42cc-8a89-9afda0748c64&^^&ResponseInfo","ModelCode":"ResponseInfo","ModelName":"ResponseInfo","RefId":"b5550274-58a4-42cc-8a89-9afda0748c64&^^&ResponseInfo","RefCode":"ResponseInfo","RefName":"ResponseInfo","RefPath":null,"RefFileName":null,"ModelType":1,"In":"","IsRequired":true,"ListDeepth":0,"isCollection":false,"isRetVal":true,"isBasicType":false}],"ResourceOpId":"b5550274-58a4-42cc-8a89-9afda0748c64&^^&Extend_ElementHelp","Transaction":false,"AssemblyInfo":null,"Extend1":"Basic","Extend2":null,"isDeprecated":false}],"Extension":null},"Models":[{"Id":"b5550274-58a4-42cc-8a89-9afda0748c64&^^&RequestInfo","Code":"RequestInfo","Name":"RequestInfo","ModelId":"b5550274-58a4-42cc-8a89-9afda0748c64&^^&RequestInfo","ModelCode":"RequestInfo","ModelName":"RequestInfo","RelativePath":null,"FileName":null,"ModelType":1},{"Id":"b5550274-58a4-42cc-8a89-9afda0748c64&^^&DefaultValue","Code":"DefaultValue","Name":"DefaultValue","ModelId":"b5550274-58a4-42cc-8a89-9afda0748c64&^^&DefaultValue","ModelCode":"DefaultValue","ModelName":"DefaultValue","RelativePath":null,"FileName":null,"ModelType":1},{"Id":"b5550274-58a4-42cc-8a89-9afda0748c64&^^&ResponseInfo","Code":"ResponseInfo","Name":"ResponseInfo","ModelId":"b5550274-58a4-42cc-8a89-9afda0748c64&^^&ResponseInfo","ModelCode":"ResponseInfo","ModelName":"ResponseInfo","RelativePath":null,"FileName":null,"ModelType":1},{"Id":"b5550274-58a4-42cc-8a89-9afda0748c64&^^&RetrieveDefaultParam","Code":"RetrieveDefaultParam","Name":"RetrieveDefaultParam","ModelId":"b5550274-58a4-42cc-8a89-9afda0748c64&^^&RetrieveDefaultParam","ModelCode":"RetrieveDefaultParam","ModelName":"RetrieveDefaultParam","RelativePath":null,"FileName":null,"ModelType":1},{"Id":"b5550274-58a4-42cc-8a89-9afda0748c64&^^&ChangeDetail","Code":"ChangeDetail","Name":"ChangeDetail","ModelId":"b5550274-58a4-42cc-8a89-9afda0748c64&^^&ChangeDetail","ModelCode":"ChangeDetail","ModelName":"ChangeDetail","RelativePath":null,"FileName":null,"ModelType":1},{"Id":"104ca6b8-5fc5-4676-a88b-40c0b0f79e7e","Code":"GCompany","Name":"公司","ModelId":"b5550274-58a4-42cc-8a89-9afda0748c64","ModelCode":"GCompanyDList_frm","ModelName":"公司名称_frm","RelativePath":null,"FileName":null,"ModelType":0},{"Id":"b5550274-58a4-42cc-8a89-9afda0748c64&^^&RetrieveParam","Code":"RetrieveParam","Name":"RetrieveParam","ModelId":"b5550274-58a4-42cc-8a89-9afda0748c64&^^&RetrieveParam","ModelCode":"RetrieveParam","ModelName":"RetrieveParam","RelativePath":null,"FileName":null,"ModelType":1},{"Id":"b5550274-58a4-42cc-8a89-9afda0748c64&^^&Pagination","Code":"Pagination","Name":"Pagination","ModelId":"b5550274-58a4-42cc-8a89-9afda0748c64&^^&Pagination","ModelCode":"Pagination","ModelName":"Pagination","RelativePath":null,"FileName":null,"ModelType":1},{"Id":"b5550274-58a4-42cc-8a89-9afda0748c64&^^&LookupResult","Code":"LookupResult","Name":"LookupResult","ModelId":"b5550274-58a4-42cc-8a89-9afda0748c64&^^&LookupResult","ModelCode":"LookupResult","ModelName":"LookupResult","RelativePath":null,"FileName":null,"ModelType":1},{"Id":"b5550274-58a4-42cc-8a89-9afda0748c64&^^&EntityFilter","Code":"EntityFilter","Name":"EntityFilter","ModelId":"b5550274-58a4-42cc-8a89-9afda0748c64&^^&EntityFilter","ModelCode":"EntityFilter","ModelName":"EntityFilter","RelativePath":null,"FileName":null,"ModelType":1}],"Router":"/api/goodsdevelop/goods1/v1.0/gcompanydlist_frm","EndPoint":"/goodsdevelop/goods1/v1.0/gcompanydlist_frm"}]