{"QueryScheme/query-scheme-1/2c04eb08-f50d-41f9-9de0-d60e5d2cc1d1/control/enumValues/oni":{"name":"上市"},"QueryScheme/query-scheme-1/2c04eb08-f50d-41f9-9de0-d60e5d2cc1d1/control/enumValues/offi":{"name":"未上市"},"GridField/os_2c04eb08_bbtq/enumData/oni":{"name":"上市"},"GridField/os_2c04eb08_bbtq/enumData/offi":{"name":"未上市"},"root-component":{"name":""},"root-layout":{"name":""},"query-scheme-section":{"name":""},"Section/query-scheme-section/mainTitle":{"name":"主标题"},"Section/query-scheme-section/subTitle":{"name":""},"query-scheme-1":{"name":"默认筛选方案"},"QueryScheme/query-scheme-1/filterText":{"name":"筛选"},"QueryScheme/query-scheme-1/a9f4dede-13a4-47d9-bb3e-3295221ae50f":{"name":"主键"},"QueryScheme/query-scheme-1/a9f4dede-13a4-47d9-bb3e-3295221ae50f/placeHolder":{"name":""},"QueryScheme/query-scheme-1/66557ea1-3bf6-484d-a054-479173cb7ffd":{"name":"版本"},"QueryScheme/query-scheme-1/66557ea1-3bf6-484d-a054-479173cb7ffd/placeHolder":{"name":""},"QueryScheme/query-scheme-1/4890469b-c331-46fb-94e9-e7e4771efe3d":{"name":"名称"},"QueryScheme/query-scheme-1/4890469b-c331-46fb-94e9-e7e4771efe3d/placeHolder":{"name":""},"QueryScheme/query-scheme-1/54b0b1ae-bf15-4f60-b4ca-303c7a5cc9a5":{"name":"地址"},"QueryScheme/query-scheme-1/54b0b1ae-bf15-4f60-b4ca-303c7a5cc9a5/placeHolder":{"name":""},"QueryScheme/query-scheme-1/e5087038-94c5-4ce0-a867-d751c00885ce":{"name":"法人代表"},"QueryScheme/query-scheme-1/e5087038-94c5-4ce0-a867-d751c00885ce/placeHolder":{"name":""},"QueryScheme/query-scheme-1/fda2a504-aff7-4203-8333-1e870e5e8de8":{"name":"主键"},"QueryScheme/query-scheme-1/fda2a504-aff7-4203-8333-1e870e5e8de8/placeHolder":{"name":""},"QueryScheme/query-scheme-1/fedc3f64-2c76-4000-bf0e-85db76d1b572":{"name":"姓名"},"QueryScheme/query-scheme-1/fedc3f64-2c76-4000-bf0e-85db76d1b572/placeHolder":{"name":""},"QueryScheme/query-scheme-1/2c04eb08-f50d-41f9-9de0-d60e5d2cc1d1":{"name":"营业状态"},"QueryScheme/query-scheme-1/2c04eb08-f50d-41f9-9de0-d60e5d2cc1d1/placeHolder":{"name":""},"QueryScheme/query-scheme-1/2c04eb08-f50d-41f9-9de0-d60e5d2cc1d1/control/enumValues/on":{"name":"上市"},"QueryScheme/query-scheme-1/2c04eb08-f50d-41f9-9de0-d60e5d2cc1d1/control/enumValues/off":{"name":"未上市"},"QueryScheme/query-scheme-1/a03419ae-887d-4d54-9fd6-b83e7959bc37":{"name":"网站"},"QueryScheme/query-scheme-1/a03419ae-887d-4d54-9fd6-b83e7959bc37/placeHolder":{"name":""},"page-header":{"name":""},"header-nav":{"name":""},"header-title-container":{"name":""},"page-header-title":{"name":""},"title":{"name":"公司总览"},"page-header-toolbar":{"name":""},"button-add":{"name":"新增"},"button-edit":{"name":"编辑"},"button-view":{"name":"查看"},"button-delete":{"name":"删除"},"page-main":{"name":""},"data-grid-component-ref":{"name":""},"data-grid-component":{"name":""},"data-grid-section":{"name":""},"Section/data-grid-section/mainTitle":{"name":""},"Section/data-grid-section/subTitle":{"name":""},"dataGrid":{"name":""},"DataGrid/dataGrid/lineNumberTitle":{"name":""},"DataGrid/dataGrid/OperateEditButton":{"name":"编辑"},"DataGrid/dataGrid/OperateDeleteButton":{"name":"删除"},"DataGrid/dataGrid/OperateColumn":{"name":"操作"},"name_4890469b_5ad7":{"name":"公司名称"},"address_54b0b1ae_p7aj":{"name":"注册地址"},"lR_LR_Name_fedc3f64_3hz2":{"name":"控股人"},"os_2c04eb08_bbtq":{"name":"是否上市"},"GridField/os_2c04eb08_bbtq/enumData/on":{"name":"上市"},"GridField/os_2c04eb08_bbtq/enumData/off":{"name":"未上市"},"url_a03419ae_h9o0":{"name":"人员规模"}}