{"EnumField/lR_LR_Name_e23ccff7_10t4/placeHolder":{"name":""},"os_f4017a55_ckcl":{"name":"是否上市"},"EnumField/os_f4017a55_ckcl/placeHolder":{"name":""},"EnumField/os_f4017a55_ckcl/enumData/on":{"name":"开业"},"EnumField/os_f4017a55_ckcl/enumData/off":{"name":"歇业"},"EnumField/os_f4017a55_zk7a/enumData/oni":{"name":"上市"},"EnumField/os_f4017a55_zk7a/enumData/offi":{"name":"未上市"},"root-component":{"name":""},"root-layout":{"name":""},"page-header":{"name":""},"header-nav":{"name":""},"header-title-container":{"name":""},"page-header-title":{"name":""},"title":{"name":"公司名称"},"page-header-toolbar":{"name":""},"button-add":{"name":"新增"},"button-edit":{"name":"编辑"},"button-save":{"name":"保存"},"button-cancel":{"name":"取消"},"main-container":{"name":""},"like-card-container":{"name":""},"basic-form-component-ref":{"name":""},"basic-form-component":{"name":""},"basic-form-section":{"name":""},"Section/basic-form-section/mainTitle":{"name":"基本信息"},"Section/basic-form-section/subTitle":{"name":""},"basic-form-layout":{"name":""},"name_df9742c1_htdq":{"name":"名称"},"TextBox/name_df9742c1_htdq/placeHolder":{"name":""},"address_09ac33d2_3y7l":{"name":"注册地址"},"TextBox/address_09ac33d2_3y7l/placeHolder":{"name":""},"lR_LR_Name_e23ccff7_10t4":{"name":"控股人"},"LookupEdit/lR_LR_Name_e23ccff7_10t4/placeHolder":{"name":""},"LookupEdit/lR_LR_Name_e23ccff7_10t4/dialogTitle":{"name":""},"url_ad58a1bd_7r1j":{"name":"人数规模"},"TextBox/url_ad58a1bd_7r1j/placeHolder":{"name":""},"os_f4017a55_zk7a":{"name":"营业状态"},"EnumField/os_f4017a55_zk7a/placeHolder":{"name":""},"EnumField/os_f4017a55_zk7a/enumData/on":{"name":"上市"},"EnumField/os_f4017a55_zk7a/enumData/off":{"name":"未上市"}}