{"module":{"id":"GCompanyLIST","code":"GCompanyLIST","name":"公司总览","caption":"公司总览","type":"Module","creator":"xrxiaoyu","creationDate":"2024-11-19T06:55:21.527Z","updateVersion":"191104","showTitle":true,"bootstrap":"list-template","templateId":"list-template","schemas":[{"eapiId":"1f7c4c3b-9081-41f0-b4a8-4e77483cfd8e","eapiCode":"GCompanyLIST_frm","eapiName":"公司总览_frm","eapiNameSpace":"Inspur.GS.GoodsDevelop.GOODS1.GCompany.GCompany.Front","voPath":"GoodsDevelop/GOODS1/GCompany/bo-gcompany-front/metadata/components","voNameSpace":"Inspur.GS.GoodsDevelop.GOODS1.GCompany.GCompany.Front","id":"432b87e9-8b9f-4a46-8b3b-bd49c12beff7","sourceUri":"api/goodsdevelop/goods1/v1.0/GCompanyLIST_frm","entities":[{"type":{"$type":"EntityType","primary":"id","fields":[{"$type":"SimpleField","readonly":false,"defaultValue":"","editor":{"$type":"TextBox"},"require":true,"multiLanguage":false,"type":{"$type":"StringType","displayName":"字符串","length":36,"name":"String"},"id":"a9f4dede-13a4-47d9-bb3e-3295221ae50f","path":"ID","label":"id","originalId":"a9f4dede-13a4-47d9-bb3e-3295221ae50f","code":"ID","bindingPath":"id","bindingField":"id","name":"主键"},{"$type":"SimpleField","readonly":false,"defaultValue":"","editor":{"$type":"DateBox","format":"'yyyy-MM-dd'"},"require":false,"multiLanguage":false,"type":{"$type":"DateTimeType","displayName":"日期时间","name":"DateTime"},"id":"66557ea1-3bf6-484d-a054-479173cb7ffd","path":"Version","label":"version","originalId":"66557ea1-3bf6-484d-a054-479173cb7ffd","code":"Version","bindingPath":"version","bindingField":"version","name":"版本"},{"$type":"SimpleField","readonly":false,"defaultValue":"","editor":{"$type":"TextBox"},"require":false,"multiLanguage":false,"type":{"$type":"StringType","displayName":"字符串","length":36,"name":"String"},"id":"4890469b-c331-46fb-94e9-e7e4771efe3d","path":"Name","label":"name","originalId":"4890469b-c331-46fb-94e9-e7e4771efe3d","code":"Name","bindingPath":"name","bindingField":"name","name":"名称"},{"$type":"SimpleField","readonly":false,"defaultValue":"","editor":{"$type":"TextBox"},"require":false,"multiLanguage":false,"type":{"$type":"StringType","displayName":"字符串","length":36,"name":"String"},"id":"54b0b1ae-bf15-4f60-b4ca-303c7a5cc9a5","path":"Address","label":"address","originalId":"54b0b1ae-bf15-4f60-b4ca-303c7a5cc9a5","code":"Address","bindingPath":"address","bindingField":"address","name":"地址"},{"$type":"ComplexField","type":{"$type":"EntityType","primary":"lr","fields":[{"$type":"SimpleField","readonly":false,"defaultValue":"","editor":{"$type":"TextBox"},"require":false,"multiLanguage":false,"type":{"$type":"StringType","displayName":"字符串","length":36,"name":"String"},"id":"e5087038-94c5-4ce0-a867-d751c00885ce","path":"LR.LR","label":"lr","originalId":"e5087038-94c5-4ce0-a867-d751c00885ce","code":"LR","bindingPath":"lr.lr","bindingField":"lr","name":"法人代表"},{"$type":"SimpleField","readonly":false,"defaultValue":"","editor":{"$type":"TextBox"},"require":false,"multiLanguage":false,"type":{"$type":"StringType","displayName":"字符串","length":36,"name":"String"},"id":"fda2a504-aff7-4203-8333-1e870e5e8de8","path":"LR.LR_ID","label":"lR_ID","originalId":"fda2a504-aff7-4203-8333-1e870e5e8de8","code":"ID","bindingPath":"lr.lR_ID","bindingField":"lR_LR_ID","name":"主键"},{"$type":"SimpleField","readonly":false,"defaultValue":"","editor":{"$type":"TextBox"},"require":false,"multiLanguage":false,"type":{"$type":"StringType","displayName":"字符串","length":36,"name":"String"},"id":"fedc3f64-2c76-4000-bf0e-85db76d1b572","path":"LR.LR_Name","label":"lR_Name","originalId":"fedc3f64-2c76-4000-bf0e-85db76d1b572","code":"Name","bindingPath":"lr.lR_Name","bindingField":"lR_LR_Name","name":"姓名"}],"entities":[],"displayName":"商户","name":"GMerchantE508"},"id":"16584715-7e12-4a14-a55b-90e7bd7bdb4b","path":"LR","label":"lr","originalId":"16584715-7e12-4a14-a55b-90e7bd7bdb4b","code":"LR","bindingPath":"lr","bindingField":"lr","name":"法人代表"},{"$type":"SimpleField","readonly":false,"defaultValue":"","editor":{"$type":"EnumField"},"require":false,"multiLanguage":false,"type":{"$type":"EnumType","displayName":"枚举","valueType":{"$type":"StringType","displayName":"字符串","length":36,"name":"String"},"enumValues":[{"disabled":false,"name":"上市","value":"on"},{"disabled":false,"name":"未上市","value":"off"}],"name":"Enum"},"id":"2c04eb08-f50d-41f9-9de0-d60e5d2cc1d1","path":"OS","label":"os","originalId":"2c04eb08-f50d-41f9-9de0-d60e5d2cc1d1","code":"OS","bindingPath":"os","bindingField":"os","name":"营业状态"},{"$type":"SimpleField","readonly":false,"defaultValue":"","editor":{"$type":"TextBox"},"require":false,"multiLanguage":false,"type":{"$type":"StringType","displayName":"字符串","length":36,"name":"String"},"id":"a03419ae-887d-4d54-9fd6-b83e7959bc37","path":"URL","label":"url","originalId":"a03419ae-887d-4d54-9fd6-b83e7959bc37","code":"URL","bindingPath":"url","bindingField":"url","name":"网站"}],"entities":[],"displayName":"公司","name":"GCompany"},"id":"a0cf8b70-345e-40ac-9486-03ffcf8b2590","label":"gCompanys","code":"GCompany","name":"公司"}],"variables":[],"sourceType":"vo","code":"GCompanyLIST_frm","extendProperties":{"enableStdTimeFormat":true},"name":"公司总览_frm"}],"states":[],"contents":[],"stateMachines":[{"id":"GCompanyLIST_state_machine","name":"公司总览_frm","uri":"3440fbbc-16fd-470c-855b-1c81ac0b0c6a","code":"GCompanyLIST_frm","nameSpace":"Inspur.GS.GoodsDevelop.GOODS1.GCompany.GCompany.Front"}],"viewmodels":[{"id":"root-viewmodel","code":"root-viewmodel","name":"公司","fields":[],"stateMachine":"GCompanyLIST_state_machine","serviceRefs":[],"commands":[{"id":"93ee1cd2-cf0b-40b3-b99f-958a3d1fad1c","code":"Load1","name":"加载数据","params":[{"name":"filter","shownName":"过滤条件","value":""},{"name":"sort","shownName":"排序条件","value":""}],"handlerName":"Load","cmpId":"70b4abd4-9f2c-4b7c-90e9-6ac6f4b74c72","extensions":[],"isInvalid":false},{"id":"71ae8a4c-6202-4875-9246-2e2d959da37f","code":"Search1","name":"查询数据","params":[{"name":"filter","shownName":"过滤条件","value":""},{"name":"sort","shownName":"排序条件","value":""},{"name":"pageSize","shownName":"分页大小","value":""},{"name":"pageIndex","shownName":"当前页码","value":""}],"handlerName":"Search","cmpId":"70b4abd4-9f2c-4b7c-90e9-6ac6f4b74c72","extensions":[],"isInvalid":false},{"id":"6d5a354f-871f-43e6-82bc-7837184380d3","code":"RemoveRows1","name":"删除多行数据","params":[{"name":"ids","shownName":"待删除数据的标识","value":"{UISTATE~/#{data-grid-component}/ids}"}],"handlerName":"RemoveRows","cmpId":"70b4abd4-9f2c-4b7c-90e9-6ac6f4b74c72","extensions":[],"isInvalid":false},{"id":"77556491-41c0-4356-8ccf-25e39817060e","code":"Add1","name":"在新页签中新增数据","params":[{"name":"url","shownName":"功能菜单标识","value":"73707a68-8b6b-4617-866c-0eae2d02fa24"},{"name":"params","shownName":"附加参数","value":"{\"action\":\"LoadAndAdd1\"}"},{"name":"enableRefresh","shownName":"支持刷新列表数据","value":""},{"name":"tabName","shownName":"标签页标题","value":""},{"name":"destructuring","shownName":"是否解构参数","value":""}],"handlerName":"Add","cmpId":"70b4abd4-9f2c-4b7c-90e9-6ac6f4b74c72","isInvalid":false,"isNewGenerated":false,"targetComponent":"root-component"},{"id":"52fdcac3-46c8-466e-aa5d-19920ece2076","code":"View1","name":"在新页签中查看数据","params":[{"name":"url","shownName":"功能菜单标识","value":"73707a68-8b6b-4617-866c-0eae2d02fa24"},{"name":"params","shownName":"附加参数","value":"{\"action\":\"LoadAndView1\", \"id\":\"{DATA~/#{data-grid-component}/id}\"}"},{"name":"idToView","shownName":"待查看数据的标识","value":"{DATA~/#{data-grid-component}/id}"},{"name":"enableRefresh","shownName":"支持刷新列表数据","value":""},{"name":"tabName","shownName":"标签页标题","value":""},{"name":"destructuring","shownName":"是否解构参数","value":""}],"handlerName":"View","cmpId":"70b4abd4-9f2c-4b7c-90e9-6ac6f4b74c72","isInvalid":false,"isNewGenerated":false,"targetComponent":"root-component"},{"id":"7ade9996-0531-4401-b1bc-fb9ec8ee3f8e","code":"Edit1","name":"在新页签中编辑数据","params":[{"name":"url","shownName":"功能菜单标识","value":"73707a68-8b6b-4617-866c-0eae2d02fa24"},{"name":"params","shownName":"附加参数","value":"{\"action\":\"LoadAndEdit1\", \"id\":\"{DATA~/#{data-grid-component}/id}\"}"},{"name":"idToEdit","shownName":"待编辑数据的标识","value":"{DATA~/#{data-grid-component}/id}"},{"name":"enableRefresh","shownName":"支持刷新列表数据","value":""},{"name":"tabName","shownName":"标签页标题","value":""},{"name":"destructuring","shownName":"是否解构参数","value":""}],"handlerName":"Edit","cmpId":"70b4abd4-9f2c-4b7c-90e9-6ac6f4b74c72","isInvalid":false,"isNewGenerated":false,"targetComponent":"root-component"},{"id":"debae2dd-3387-48cf-90ba-96e74ab5a8e5","code":"Remove1","name":"删除当前数据","params":[{"name":"id","shownName":"待删除数据的标识","value":"{DATA~/#{data-grid-component}/id}"}],"handlerName":"Remove","cmpId":"70b4abd4-9f2c-4b7c-90e9-6ac6f4b74c72","extensions":[],"isInvalid":false},{"id":"0d36eb0a-fe86-4769-b232-b84c72dcc02f","code":"Filter1","name":"过滤并加载数据1","params":[{"name":"filter","shownName":"过滤条件","value":"{UISTATE~/#{root-component}/originalFilterConditionList}"},{"name":"sort","shownName":"排序条件","value":""}],"handlerName":"Filter","cmpId":"54bddc89-5f7e-4b91-9c45-80dd6606cfe9","shortcut":{},"extensions":[],"isInvalid":false}],"states":[{"id":"ad1250a9-fe0c-4dcf-81fe-9c2c52608c66","category":"locale","code":"originalFilterConditionList","name":"筛选方案筛选条件","type":"String"}],"bindTo":"/","enableUnifiedSession":false},{"id":"data-grid-component-viewmodel","code":"data-grid-component-viewmodel","name":"公司","fields":[{"type":"Form","id":"4890469b-c331-46fb-94e9-e7e4771efe3d","fieldName":"name","groupId":null,"groupName":null,"updateOn":"blur","fieldSchema":{"name":"公司名称"}},{"type":"Form","id":"54b0b1ae-bf15-4f60-b4ca-303c7a5cc9a5","fieldName":"address","groupId":null,"groupName":null,"updateOn":"blur","fieldSchema":{"name":"注册地址"}},{"type":"Form","id":"fedc3f64-2c76-4000-bf0e-85db76d1b572","fieldName":"lR_LR_Name","groupId":null,"groupName":null,"updateOn":"blur","fieldSchema":{"name":"控股人"}},{"type":"Form","id":"2c04eb08-f50d-41f9-9de0-d60e5d2cc1d1","fieldName":"os","groupId":null,"groupName":null,"updateOn":"change","fieldSchema":{"name":"是否上市"}},{"type":"Form","id":"a03419ae-887d-4d54-9fd6-b83e7959bc37","fieldName":"url","groupId":null,"groupName":null,"updateOn":"blur","fieldSchema":{"name":"人员规模"}}],"serviceRefs":[],"commands":[{"id":"1a1b7c33-38f0-469f-a017-223086ee6259","code":"ChangePage1","name":"切换页码","params":[{"name":"loadCommandName","shownName":"切换页面后回调方法","value":"Filter1"},{"name":"loadCommandFrameId","shownName":"目标组件","value":"#{root-component}"}],"handlerName":"ChangePage","cmpId":"70b4abd4-9f2c-4b7c-90e9-6ac6f4b74c72","extensions":[],"isInvalid":false},{"id":"ed59e7d1-3560-4f34-832d-f7c575ae6d79","code":"datagridView1","name":"在新页签中查看数据1","params":[{"name":"url","shownName":"功能菜单标识","value":"374ff3e2-fc96-4b7d-a172-a0c9547b91ef"},{"name":"params","shownName":"附加参数","value":"{\"action\":\"LoadAndView1\", \"Name\":\"{DATA~/IR_LR_Name_fedc3f64_3hz2}/LR_Name\"}"},{"name":"idToView","shownName":"待查看数据的标识","value":"{DATA~/#{IR_LR_Name_fedc3f64_3hz2}/LR_Name}"},{"name":"enableRefresh","shownName":"支持刷新列表数据","value":""},{"name":"tabName","shownName":"标签页标题","value":""},{"name":"destructuring","shownName":"是否解构参数","value":""}],"handlerName":"View","cmpId":"70b4abd4-9f2c-4b7c-90e9-6ac6f4b74c72","isInvalid":false,"isNewGenerated":false,"targetComponent":"data-grid-component"}],"states":[],"bindTo":"/","parent":"root-viewmodel","pagination":{"enable":true,"pageSize":20,"pageList":"10,20,30,50,100"},"enableValidation":false,"allowEmpty":true}],"components":[{"id":"root-component","type":"Component","componentType":"Frame","viewModel":"root-viewmodel","onInit":"Filter1","contents":[{"id":"root-layout","type":"ContentContainer","appearance":{"class":"f-page f-page-is-managelist f-page-has-scheme"},"size":null,"contents":[{"id":"query-scheme-section","type":"Section","appearance":{"class":"f-section-scheme f-section-in-managelist"},"size":null,"fill":false,"expanded":true,"showHeader":false,"contents":[{"id":"query-scheme-1","type":"QueryScheme","appearance":null,"fieldConfigs":[{"id":"a9f4dede-13a4-47d9-bb3e-3295221ae50f","labelCode":"ID","code":"ID","name":"主键","control":{"id":"a9f4dede-13a4-47d9-bb3e-3295221ae50f","controltype":"text","require":false,"className":""}},{"id":"66557ea1-3bf6-484d-a054-479173cb7ffd","labelCode":"Version","code":"Version","name":"版本","control":{"id":"66557ea1-3bf6-484d-a054-479173cb7ffd","controltype":"date","require":false,"format":"yyyy-MM-dd","weekSelect":false,"startFieldCode":"Version","endFieldCode":"Version"}},{"id":"4890469b-c331-46fb-94e9-e7e4771efe3d","labelCode":"Name","code":"Name","name":"名称","control":{"id":"4890469b-c331-46fb-94e9-e7e4771efe3d","controltype":"text","require":false,"className":""}},{"id":"54b0b1ae-bf15-4f60-b4ca-303c7a5cc9a5","labelCode":"Address","code":"Address","name":"地址","control":{"id":"54b0b1ae-bf15-4f60-b4ca-303c7a5cc9a5","controltype":"text","require":false,"className":""}},{"id":"e5087038-94c5-4ce0-a867-d751c00885ce","labelCode":"LR.LR","code":"LR","name":"法人代表","control":{"id":"e5087038-94c5-4ce0-a867-d751c00885ce","controltype":"text","require":false,"className":""}},{"id":"fda2a504-aff7-4203-8333-1e870e5e8de8","labelCode":"LR.LR_ID","code":"ID","name":"主键","control":{"id":"fda2a504-aff7-4203-8333-1e870e5e8de8","controltype":"text","require":false,"className":""}},{"id":"fedc3f64-2c76-4000-bf0e-85db76d1b572","labelCode":"LR.LR_Name","code":"Name","name":"姓名","control":{"id":"fedc3f64-2c76-4000-bf0e-85db76d1b572","controltype":"text","require":false,"className":""}},{"id":"2c04eb08-f50d-41f9-9de0-d60e5d2cc1d1","labelCode":"OS","code":"OS","name":"营业状态","control":{"id":"2c04eb08-f50d-41f9-9de0-d60e5d2cc1d1","controltype":"dropdown","require":false,"valueType":"1","enumValues":[{"disabled":false,"name":"上市","value":"on"},{"disabled":false,"name":"未上市","value":"off"}],"className":"","multiSelect":false,"panelHeight":null,"idField":"value","textField":"name","uri":""}},{"id":"a03419ae-887d-4d54-9fd6-b83e7959bc37","labelCode":"URL","code":"URL","name":"网站","control":{"id":"a03419ae-887d-4d54-9fd6-b83e7959bc37","controltype":"text","require":false,"className":""}}],"presetFieldConfigs":[{"id":"4890469b-c331-46fb-94e9-e7e4771efe3d","labelCode":"Name","code":"Name","name":"名称","control":{"id":"4890469b-c331-46fb-94e9-e7e4771efe3d","controltype":"text","require":false,"className":""}}],"formId":"GCompanyLIST","isDisabled":false,"presetQuerySolutionName":"默认筛选方案","onQuery":"Filter1","isControlInline":true,"visible":true,"binding":null,"enableInitQuery":false,"showCompleteLabel":false,"expanded":true,"enableHistory":false,"filterText":"筛选","openAdvancedMode":false,"queryAfterValueChange":false,"hideOrgselector":false,"resetFieldConfigs":{"path":"originalFilterConditionList","field":"ad1250a9-fe0c-4dcf-81fe-9c2c52608c66","fullPath":"originalFilterConditionList","type":"Variable"}}],"visible":true,"mainTitle":"主标题","subTitle":"","headerClass":"","titleClass":"","extendedHeaderAreaClass":"","toolbarClass":"","extendedAreaClass":"","contentTemplateClass":"","enableMaximize":false,"enableAccordion":true,"accordionMode":"default","headerTemplate":"","titleTemplate":"","extendedHeaderAreaTemplate":"","toolbarTemplate":"","extendedAreaTemplate":"","isScrollSpyItem":false,"toolbar":{"type":"SectionToolbar","position":"inHead","contents":[]}},{"id":"page-header","type":"ContentContainer","appearance":{"class":"f-page-header"},"size":null,"contents":[{"id":"header-nav","type":"ContentContainer","appearance":{"class":"f-page-header-base"},"size":null,"contents":[{"id":"header-title-container","type":"ContentContainer","appearance":{"class":"f-title"},"size":null,"contents":[{"id":"page-header-title","type":"HtmlTemplate","html":"<span class=\"f-title-icon f-text-orna-manage\"><i class=\"f-icon f-icon-page-title-administer\"></i></span><h4 class=\"f-title-text\">{{'title'|lang:lang:'公司总览'}}</h4>"}],"visible":true,"isScrollspyContainer":false,"isLikeCardContainer":false},{"id":"page-header-toolbar","type":"ToolBar","appearance":{"class":"col-7 f-toolbar"},"size":null,"items":[{"id":"button-add","type":"ToolBarItem","appearance":{"class":"btn-primary"},"disable":"!viewModel.stateMachine['canAdd']","text":"新增","visible":true,"click":"Add1","items":[],"usageMode":"button","modalConfig":null},{"id":"button-edit","type":"ToolBarItem","appearance":null,"disable":"!viewModel.stateMachine['canEdit']","text":"编辑","visible":true,"click":"Edit1","items":[],"usageMode":"button","modalConfig":null},{"id":"button-view","type":"ToolBarItem","appearance":null,"disable":"!viewModel.stateMachine['canView']","text":"查看","visible":true,"click":"View1","items":[],"usageMode":"button","modalConfig":null},{"id":"button-delete","type":"ToolBarItem","appearance":null,"disable":"!viewModel.stateMachine['canRemove']","text":"删除","visible":true,"click":"Remove1","items":[],"usageMode":"button","modalConfig":null}],"visible":true,"buttonSize":"default","popDirection":"default"}],"visible":true,"isScrollspyContainer":false,"isLikeCardContainer":false}],"visible":true,"isScrollspyContainer":false,"isLikeCardContainer":false},{"id":"page-main","type":"ContentContainer","appearance":{"class":"f-page-main"},"size":null,"contents":[{"id":"data-grid-component-ref","type":"ComponentRef","component":"data-grid-component","visible":true}],"visible":true,"isScrollspyContainer":false,"isLikeCardContainer":false}],"visible":true,"isScrollspyContainer":false,"isLikeCardContainer":false}],"appearance":null,"visible":true,"afterViewInit":null},{"id":"data-grid-component","type":"Component","componentType":"dataGrid","viewModel":"data-grid-component-viewmodel","appearance":{"class":"f-struct-wrapper f-utils-fill-flex-column"},"onInit":"","contents":[{"id":"data-grid-section","type":"Section","appearance":{"class":"f-section-grid f-section-in-managelist"},"size":null,"mainTitle":"","subTitle":"","headerClass":"","titleClass":"","extendedHeaderAreaClass":"","toolbarClass":"","extendedAreaClass":"","contentTemplateClass":"","fill":true,"expanded":true,"enableMaximize":true,"enableAccordion":true,"accordionMode":"default","showHeader":false,"headerTemplate":"","titleTemplate":"","extendedHeaderAreaTemplate":"","toolbarTemplate":"","extendedAreaTemplate":"","contents":[{"id":"dataGrid","type":"DataGrid","controlSource":"Farris","appearance":{"class":"f-component-grid"},"size":null,"dataSource":"gCompanys","fields":[{"id":"name_4890469b_5ad7","type":"GridField","controlSource":"Farris","caption":"公司名称","captionTemplate":null,"dataField":"name","dataType":"string","binding":{"type":"Form","path":"name","field":"4890469b-c331-46fb-94e9-e7e4771efe3d","fullPath":"Name"},"enumData":null,"appearance":null,"size":{"width":120},"displayTemplate":null,"editor":null,"draggable":false,"frozen":"none","sortable":true,"sortOrder":null,"resizeable":true,"aggregate":{"type":"none","formatter":{"type":"none"}},"groupAggregate":{"type":"none","formatter":{"type":"none"}},"styler":"","colTemplate":"","linkedLabelEnabled":false,"linkedLabelClick":null,"textAlign":"left","hAlign":"left","vAlign":"middle","formatter":{"type":"none"},"showTips":false,"tipContent":null,"multiLanguage":false,"enableFilter":false,"headerStyler":"","localization":false,"idField":"value","textField":"name","readonly":false,"visible":true,"allowGrouping":true,"tipMode":"auto","captionTipContent":"","captionTipStyler":"","enableBatchEdit":false,"localizationType":"Date"},{"id":"address_54b0b1ae_p7aj","type":"GridField","controlSource":"Farris","caption":"注册地址","captionTemplate":null,"dataField":"address","dataType":"string","binding":{"type":"Form","path":"address","field":"54b0b1ae-bf15-4f60-b4ca-303c7a5cc9a5","fullPath":"Address"},"enumData":null,"appearance":null,"size":{"width":120},"displayTemplate":null,"editor":null,"draggable":false,"frozen":"none","sortable":true,"sortOrder":null,"resizeable":true,"aggregate":{"type":"none","formatter":{"type":"none"}},"groupAggregate":{"type":"none","formatter":{"type":"none"}},"styler":"","colTemplate":"","linkedLabelEnabled":false,"linkedLabelClick":null,"textAlign":"left","hAlign":"left","vAlign":"middle","formatter":{"type":"none"},"showTips":false,"tipContent":null,"multiLanguage":false,"enableFilter":false,"headerStyler":"","localization":false,"idField":"value","textField":"name","readonly":false,"visible":true,"allowGrouping":true,"tipMode":"auto","captionTipContent":"","captionTipStyler":"","enableBatchEdit":false,"localizationType":"Date"},{"id":"lR_LR_Name_fedc3f64_3hz2","type":"GridField","controlSource":"Farris","caption":"控股人","captionTemplate":null,"dataField":"lr.lR_Name","dataType":"string","binding":{"type":"Form","path":"lR_LR_Name","field":"fedc3f64-2c76-4000-bf0e-85db76d1b572","fullPath":"LR.LR_Name"},"enumData":null,"appearance":null,"size":{"width":120},"displayTemplate":null,"editor":null,"draggable":false,"frozen":"none","sortable":true,"sortOrder":null,"resizeable":true,"aggregate":{"type":"none","formatter":{"type":"none"}},"groupAggregate":{"type":"none","formatter":{"type":"none"}},"styler":"","colTemplate":"","linkedLabelEnabled":false,"linkedLabelClick":null,"textAlign":"left","hAlign":"left","vAlign":"middle","formatter":{"type":"none"},"showTips":false,"tipContent":null,"multiLanguage":false,"enableFilter":false,"headerStyler":"","localization":false,"idField":"value","textField":"name","readonly":false,"visible":true,"allowGrouping":true,"tipMode":"auto","captionTipContent":"","captionTipStyler":"","enableBatchEdit":false,"localizationType":"Date"},{"id":"os_2c04eb08_bbtq","type":"GridField","controlSource":"Farris","caption":"是否上市","captionTemplate":null,"dataField":"os","dataType":"enum","binding":{"type":"Form","path":"os","field":"2c04eb08-f50d-41f9-9de0-d60e5d2cc1d1","fullPath":"OS"},"enumData":[{"disabled":false,"name":"上市","value":"on"},{"disabled":false,"name":"未上市","value":"off"}],"appearance":null,"size":{"width":120},"displayTemplate":null,"editor":null,"draggable":false,"frozen":"none","sortable":true,"sortOrder":null,"resizeable":true,"aggregate":{"type":"none","formatter":{"type":"none"}},"groupAggregate":{"type":"none","formatter":{"type":"none"}},"styler":"","colTemplate":"","linkedLabelEnabled":false,"linkedLabelClick":null,"textAlign":"left","hAlign":"left","vAlign":"middle","formatter":{"type":"none"},"showTips":false,"tipContent":null,"multiLanguage":false,"enableFilter":false,"headerStyler":"","localization":false,"idField":"value","textField":"name","readonly":false,"visible":true,"allowGrouping":true,"tipMode":"auto","captionTipContent":"","captionTipStyler":"","enableBatchEdit":false},{"id":"url_a03419ae_h9o0","type":"GridField","controlSource":"Farris","caption":"人员规模","captionTemplate":null,"dataField":"url","dataType":"string","binding":{"type":"Form","path":"url","field":"a03419ae-887d-4d54-9fd6-b83e7959bc37","fullPath":"URL"},"enumData":null,"appearance":null,"size":{"width":120},"displayTemplate":null,"editor":null,"draggable":false,"frozen":"none","sortable":true,"sortOrder":null,"resizeable":true,"aggregate":{"type":"none","formatter":{"type":"none"}},"groupAggregate":{"type":"none","formatter":{"type":"none"}},"styler":"","colTemplate":"","linkedLabelEnabled":false,"linkedLabelClick":null,"textAlign":"left","hAlign":"left","vAlign":"middle","formatter":{"type":"none"},"showTips":false,"tipContent":null,"multiLanguage":false,"enableFilter":false,"headerStyler":"","localization":false,"idField":"value","textField":"name","readonly":false,"visible":true,"allowGrouping":true,"tipMode":"auto","captionTipContent":"","captionTipStyler":"","enableBatchEdit":false,"localizationType":"Date"}],"focusedItem":null,"focusedIndex":null,"identifyField":null,"multiSelect":false,"selectable":null,"showCheckbox":false,"showAllCheckbox":false,"checkOnSelect":false,"selectOnCheck":false,"itemTemplate":null,"toolBar":null,"summary":null,"groupable":false,"group":null,"showGroupColumn":true,"groupFormatter":null,"groupStyler":null,"groupFooter":false,"fitColumns":true,"autoFitColumns":true,"virtualized":false,"virtualizedAsyncLoad":false,"scrollYLoad":"ChangePage1","onSelectionChange":"","fieldEditable":false,"appendRow":null,"disable":false,"pageChange":"ChangePage1","pageSizeChanged":"ChangePage1","styler":"","multiSort":false,"showBorder":false,"striped":true,"showLineNumber":false,"disableRow":null,"beforeSelect":null,"beforeUnSelect":null,"beforeCheck":null,"beforeUnCheck":null,"dblClickRow":null,"showFooter":false,"footerTemplate":"","footerDataFrom":"client","footerDataCommand":null,"enableFilterRow":false,"remoteFilter":false,"showFilterBar":false,"useControlPanel":false,"autoHeight":false,"showSelectedList":false,"selectedItemFormatter":null,"lineNumberWidth":36,"enableMorePageSelect":false,"pagination":true,"lockPagination":"viewModel.stateMachine&&viewModel.stateMachine['editable']","showPageSize":false,"editable":null,"fixedColumns":[],"enableCommandColumn":false,"onEditClicked":"","onDeleteClicked":"","commandColumnWidth":120,"showCommandColumn":true,"checkedChange":null,"footerHeight":29,"filterType":"none","enableSmartFilter":false,"lineNumberTitle":"","rowClick":null,"headerWrap":false,"emptyTemplate":null,"emptyDataHeight":240,"maxHeight":300,"rowHeight":30,"enableHighlightCell":false,"enableEditCellStyle":false,"showRowGroupPanel":false,"enableDragColumn":false,"groupSummaryPosition":"groupFooterRow","clearSelectionsWhenDataIsEmpty":true,"keepSelect":true,"enableEditByCard":"none","visible":true,"showGotoInput":false,"scrollBarShowMode":"auto","showScrollArrow":false,"footerPosition":"bottom","footerStyler":null,"selectOnEditing":false,"selectionMode":"default","enableContextMenu":false,"disableGroupOnEditing":true,"enableSimpleMode":false,"enableScheme":false,"beforeEdit":null,"nowrap":true,"mergeCell":false,"remoteSort":false,"columnSorted":null,"enableHeaderGroup":false,"headerGroup":null,"AutoColumnWidthUseDblclick":true,"pagerContentTemplate":null,"expandGroupRows":true,"useBlankWhenDataIsEmpty":false,"checked":null,"unChecked":null,"checkAll":null,"unCheckAll":null,"filterChanged":null,"enableEditStateFilterSorting":false,"showConfirmWhenSchemeChanged":false,"enableSetMultiHeaders":false,"allowEmpty":true,"pageList":"10,20,30,50,100","pageSize":20}],"visible":true,"isScrollSpyItem":false,"toolbar":{"type":"SectionToolbar","position":"inHead","contents":[]}}],"visible":true,"afterViewInit":null}],"webcmds":[{"id":"70b4abd4-9f2c-4b7c-90e9-6ac6f4b74c72","path":"/projects/packages/Inspur.GS.Gsp.Web.WebCmp/webcmd","name":"ListController.webcmd","refedHandlers":[{"host":"93ee1cd2-cf0b-40b3-b99f-958a3d1fad1c","handler":"Load"},{"host":"71ae8a4c-6202-4875-9246-2e2d959da37f","handler":"Search"},{"host":"77556491-41c0-4356-8ccf-25e39817060e","handler":"Add"},{"host":"52fdcac3-46c8-466e-aa5d-19920ece2076","handler":"View"},{"host":"7ade9996-0531-4401-b1bc-fb9ec8ee3f8e","handler":"Edit"},{"host":"6d5a354f-871f-43e6-82bc-7837184380d3","handler":"RemoveRows"},{"host":"1a1b7c33-38f0-469f-a017-223086ee6259","handler":"ChangePage"},{"host":"debae2dd-3387-48cf-90ba-96e74ab5a8e5","handler":"Remove"},{"host":"ed59e7d1-3560-4f34-832d-f7c575ae6d79","handler":"View"}],"code":"ListController","nameSpace":"Inspur.GS.Gsp.Web.WebCmp"},{"id":"54bddc89-5f7e-4b91-9c45-80dd6606cfe9","path":"igix/Web/WebCmp/bo-webcmp/metadata/webcmd/data-commands","name":"LoadCommands.webcmd","refedHandlers":[{"host":"0d36eb0a-fe86-4769-b232-b84c72dcc02f","handler":"Filter"}],"code":"LoadCommands","nameSpace":"Inspur.GS.Gsp.Web.WebCmp"}],"serviceRefs":[],"projectName":"bo-gcompany-front","showType":"page","toolbar":{"items":{},"configs":{}},"declarations":{"events":[],"commands":[],"states":[]},"subscriptions":[],"extraImports":[],"expressions":[],"metadataId":"de510da9-0464-4fe8-94f4-f1d371885ae8","actions":[{"sourceComponent":{"id":"query-scheme-1","viewModelId":"root-viewmodel","map":[{"event":{"label":"onQuery","name":"查询事件"},"targetComponent":{"id":"root-component","viewModelId":"root-viewmodel"},"command":{"id":"0d36eb0a-fe86-4769-b232-b84c72dcc02f","label":"Filter1","name":"过滤并加载数据1","handlerName":"Filter","params":[{"name":"filter","shownName":"过滤条件","value":"{UISTATE~/#{root-component}/originalFilterConditionList}"},{"name":"sort","shownName":"排序条件","value":""}],"cmpId":"54bddc89-5f7e-4b91-9c45-80dd6606cfe9","isNewGenerated":false,"isInvalid":false},"controller":{"id":"54bddc89-5f7e-4b91-9c45-80dd6606cfe9","label":"LoadCommands","name":"数据加载相关命令"}}]}},{"sourceComponent":{"id":"button-add","viewModelId":"root-viewmodel","map":[{"event":{"label":"click","name":"点击事件"},"targetComponent":{"id":"root-component","viewModelId":"root-viewmodel"},"command":{"id":"77556491-41c0-4356-8ccf-25e39817060e","label":"Add1","name":"在新页签中新增数据","handlerName":"Add","params":[{"name":"url","shownName":"功能菜单标识","value":"73707a68-8b6b-4617-866c-0eae2d02fa24"},{"name":"params","shownName":"附加参数","value":"{\"action\":\"LoadAndAdd1\"}"},{"name":"enableRefresh","shownName":"支持刷新列表数据","value":""},{"name":"tabName","shownName":"标签页标题","value":""},{"name":"destructuring","shownName":"是否解构参数","value":""}],"cmpId":"70b4abd4-9f2c-4b7c-90e9-6ac6f4b74c72","isNewGenerated":false,"isInvalid":false},"controller":{"id":"70b4abd4-9f2c-4b7c-90e9-6ac6f4b74c72","label":"ListController","name":"列表控制器"}}]}},{"sourceComponent":{"id":"button-edit","viewModelId":"root-viewmodel","map":[{"event":{"label":"click","name":"点击事件"},"targetComponent":{"id":"root-component","viewModelId":"root-viewmodel"},"command":{"id":"7ade9996-0531-4401-b1bc-fb9ec8ee3f8e","label":"Edit1","name":"在新页签中编辑数据","handlerName":"Edit","params":[{"name":"url","shownName":"功能菜单标识","value":"73707a68-8b6b-4617-866c-0eae2d02fa24"},{"name":"params","shownName":"附加参数","value":"{\"action\":\"LoadAndEdit1\", \"id\":\"{DATA~/#{data-grid-component}/id}\"}"},{"name":"idToEdit","shownName":"待编辑数据的标识","value":"{DATA~/#{data-grid-component}/id}"},{"name":"enableRefresh","shownName":"支持刷新列表数据","value":""},{"name":"tabName","shownName":"标签页标题","value":""},{"name":"destructuring","shownName":"是否解构参数","value":""}],"cmpId":"70b4abd4-9f2c-4b7c-90e9-6ac6f4b74c72","isNewGenerated":false,"isInvalid":false},"controller":{"id":"70b4abd4-9f2c-4b7c-90e9-6ac6f4b74c72","label":"ListController","name":"列表控制器"}}]}},{"sourceComponent":{"id":"button-view","viewModelId":"root-viewmodel","map":[{"event":{"label":"click","name":"点击事件"},"targetComponent":{"id":"root-component","viewModelId":"root-viewmodel"},"command":{"id":"52fdcac3-46c8-466e-aa5d-19920ece2076","label":"View1","name":"在新页签中查看数据","handlerName":"View","params":[{"name":"url","shownName":"功能菜单标识","value":"73707a68-8b6b-4617-866c-0eae2d02fa24"},{"name":"params","shownName":"附加参数","value":"{\"action\":\"LoadAndView1\", \"id\":\"{DATA~/#{data-grid-component}/id}\"}"},{"name":"idToView","shownName":"待查看数据的标识","value":"{DATA~/#{data-grid-component}/id}"},{"name":"enableRefresh","shownName":"支持刷新列表数据","value":""},{"name":"tabName","shownName":"标签页标题","value":""},{"name":"destructuring","shownName":"是否解构参数","value":""}],"cmpId":"70b4abd4-9f2c-4b7c-90e9-6ac6f4b74c72","isNewGenerated":false,"isInvalid":false},"controller":{"id":"70b4abd4-9f2c-4b7c-90e9-6ac6f4b74c72","label":"ListController","name":"列表控制器"}}]}},{"sourceComponent":{"id":"button-delete","viewModelId":"root-viewmodel","map":[{"event":{"label":"click","name":"点击事件"},"targetComponent":{"id":"root-component","viewModelId":"root-viewmodel"},"command":{"id":"debae2dd-3387-48cf-90ba-96e74ab5a8e5","label":"Remove1","name":"删除当前数据","handlerName":"Remove","params":[{"name":"id","shownName":"待删除数据的标识","value":"{DATA~/#{data-grid-component}/id}"}],"cmpId":"70b4abd4-9f2c-4b7c-90e9-6ac6f4b74c72","isNewGenerated":false,"isInvalid":false},"controller":{"id":"70b4abd4-9f2c-4b7c-90e9-6ac6f4b74c72","label":"ListController","name":"列表控制器"}}]}},{"sourceComponent":{"id":"root-component","viewModelId":"root-viewmodel","map":[{"event":{"label":"onInit","name":"初始化事件"},"targetComponent":{"id":"root-component","viewModelId":"root-viewmodel"},"command":{"id":"0d36eb0a-fe86-4769-b232-b84c72dcc02f","label":"Filter1","name":"过滤并加载数据1","handlerName":"Filter","params":[{"name":"filter","shownName":"过滤条件","value":"{UISTATE~/#{root-component}/originalFilterConditionList}"},{"name":"sort","shownName":"排序条件","value":""}],"cmpId":"54bddc89-5f7e-4b91-9c45-80dd6606cfe9","isNewGenerated":false,"isInvalid":false},"controller":{"id":"54bddc89-5f7e-4b91-9c45-80dd6606cfe9","label":"LoadCommands","name":"数据加载相关命令"}}]}},{"sourceComponent":{"id":"dataGrid","viewModelId":"data-grid-component-viewmodel","map":[{"event":{"label":"pageChange","name":"切换页码事件"},"targetComponent":{"id":"data-grid-component","viewModelId":"data-grid-component-viewmodel"},"command":{"id":"1a1b7c33-38f0-469f-a017-223086ee6259","label":"ChangePage1","name":"切换页码","handlerName":"ChangePage","params":[{"name":"loadCommandName","shownName":"切换页面后回调方法","value":"Filter1"},{"name":"loadCommandFrameId","shownName":"目标组件","value":"#{root-component}"}],"cmpId":"70b4abd4-9f2c-4b7c-90e9-6ac6f4b74c72","isNewGenerated":false,"isInvalid":false},"controller":{"id":"70b4abd4-9f2c-4b7c-90e9-6ac6f4b74c72","label":"ListController","name":"列表控制器"}},{"event":{"label":"pageSizeChanged","name":"分页条数变化事件"},"targetComponent":{"id":"data-grid-component","viewModelId":"data-grid-component-viewmodel"},"command":{"id":"1a1b7c33-38f0-469f-a017-223086ee6259","label":"ChangePage1","name":"切换页码","handlerName":"ChangePage","params":[{"name":"loadCommandName","shownName":"切换页面后回调方法","value":"Filter1"},{"name":"loadCommandFrameId","shownName":"目标组件","value":"#{root-component}"}],"cmpId":"70b4abd4-9f2c-4b7c-90e9-6ac6f4b74c72","isNewGenerated":false,"isInvalid":false},"controller":{"id":"70b4abd4-9f2c-4b7c-90e9-6ac6f4b74c72","label":"ListController","name":"列表控制器"}},{"event":{"label":"scrollYLoad","name":"滚动加载事件"},"targetComponent":{"id":"data-grid-component","viewModelId":"data-grid-component-viewmodel"},"command":{"id":"1a1b7c33-38f0-469f-a017-223086ee6259","label":"ChangePage1","name":"切换页码","handlerName":"ChangePage","params":[{"name":"loadCommandName","shownName":"切换页面后回调方法","value":"Filter1"},{"name":"loadCommandFrameId","shownName":"目标组件","value":"#{root-component}"}],"cmpId":"70b4abd4-9f2c-4b7c-90e9-6ac6f4b74c72","isNewGenerated":false,"isInvalid":false},"controller":{"id":"70b4abd4-9f2c-4b7c-90e9-6ac6f4b74c72","label":"ListController","name":"列表控制器"}}]}}]},"options":{"enableTextArea":true,"renderMode":"compile","enableDeleteSourceCode":true,"changeSetPolicy":"valid","enableServerSideChangeDetection":false}}