{"root-component":{"name":""},"root-layout":{"name":""},"page-header":{"name":""},"header-nav":{"name":""},"header-title-container":{"name":""},"page-header-title":{"name":""},"title":{"name":"商品活动"},"page-header-toolbar":{"name":""},"button-add":{"name":"新增"},"button-edit":{"name":"编辑"},"button-view":{"name":"查看"},"button-delete":{"name":"删除"},"page-main":{"name":""},"data-grid-component-ref":{"name":""},"detail-form-sidebar":{"name":""},"button-sidebar-add":{"name":"新增"},"button-sidebar-edit":{"name":"编辑"},"detail-component-ref":{"name":""},"data-grid-component":{"name":""},"data-grid-section":{"name":""},"Section/data-grid-section/mainTitle":{"name":""},"Section/data-grid-section/subTitle":{"name":""},"dataGrid":{"name":""},"DataGrid/dataGrid/lineNumberTitle":{"name":""},"DataGrid/dataGrid/OperateEditButton":{"name":"编辑"},"DataGrid/dataGrid/OperateDeleteButton":{"name":"删除"},"DataGrid/dataGrid/OperateColumn":{"name":"操作"},"goods_Goods_GoodsName_d0481109_nq7k":{"name":"商品名称"},"status_53f9562b_qo3j":{"name":"状态"},"GridField/status_53f9562b_qo3j/enumData/on":{"name":"正常上架"},"GridField/status_53f9562b_qo3j/enumData/dlc":{"name":"新DLC上架"},"GridField/status_53f9562b_qo3j/enumData/cx":{"name":"促销"},"price_c5f1f727_nzz9":{"name":"售价"},"other_bdcd8454_5ttp":{"name":"备注"},"detail-form-component":{"name":""},"detail-form-layout":{"name":""},"goods_Goods_GoodsName_d0481109_gumn":{"name":"商品名称"},"TextBox/goods_Goods_GoodsName_d0481109_gumn/placeHolder":{"name":""},"status_53f9562b_id5v":{"name":"状态"},"EnumField/status_53f9562b_id5v/placeHolder":{"name":""},"EnumField/status_53f9562b_id5v/enumData/on":{"name":"正常上架"},"EnumField/status_53f9562b_id5v/enumData/dlc":{"name":"新DLC上架"},"EnumField/status_53f9562b_id5v/enumData/cx":{"name":"促销"},"price_c5f1f727_5qgq":{"name":"售价"},"NumberSpinner/price_c5f1f727_5qgq/placeHolder":{"name":""},"other_bdcd8454_3jnz":{"name":"备注"},"TextBox/other_bdcd8454_3jnz/placeHolder":{"name":""}}