{"module":{"id":"GACTIVITY","code":"GACTIVITY","name":"商品活动","caption":"商品活动","type":"Module","creator":"xrxiaoyu","creationDate":"2024-11-19T11:19:57.952Z","updateVersion":"191104","showTitle":true,"bootstrap":"list-card-template","templateId":"list-with-sidebar-template","schemas":[{"eapiId":"7686dc2c-dba4-40a8-af4b-1324b11d0f3a","eapiCode":"GACTIVITY_frm","eapiName":"商品活动_frm","eapiNameSpace":"Inspur.GS.GoodsDevelop.GOODS1.GActivity.GActivity.Front","voPath":"GoodsDevelop/GOODS1/GActivity/bo-gactivity-front/metadata/components","voNameSpace":"Inspur.GS.GoodsDevelop.GOODS1.GActivity.GActivity.Front","id":"aa9e6404-3f44-4a62-ba00-e6816cadccec","sourceUri":"api/goodsdevelop/goods1/v1.0/GACTIVITY_frm","entities":[{"type":{"$type":"EntityType","primary":"id","fields":[{"$type":"SimpleField","readonly":false,"defaultValue":"","editor":{"$type":"TextBox"},"require":true,"multiLanguage":false,"type":{"$type":"StringType","displayName":"字符串","length":36,"name":"String"},"id":"221df03e-fbf9-4543-a6ac-0a336f440d29","path":"ID","label":"id","originalId":"221df03e-fbf9-4543-a6ac-0a336f440d29","code":"ID","bindingPath":"id","bindingField":"id","name":"主键"},{"$type":"SimpleField","readonly":false,"defaultValue":"","editor":{"$type":"DateBox","format":"'yyyy-MM-dd'"},"require":false,"multiLanguage":false,"type":{"$type":"DateTimeType","displayName":"日期时间","name":"DateTime"},"id":"3d53d00f-d801-4b81-9707-7e0e420bb7ed","path":"Version","label":"version","originalId":"3d53d00f-d801-4b81-9707-7e0e420bb7ed","code":"Version","bindingPath":"version","bindingField":"version","name":"版本"},{"$type":"ComplexField","type":{"$type":"EntityType","primary":"goods","fields":[{"$type":"SimpleField","readonly":false,"defaultValue":"","editor":{"$type":"TextBox"},"require":false,"multiLanguage":false,"type":{"$type":"StringType","displayName":"字符串","length":36,"name":"String"},"id":"20e473a5-b73f-444d-927f-c19ed8dcb70b","path":"Goods.Goods","label":"goods","originalId":"20e473a5-b73f-444d-927f-c19ed8dcb70b","code":"Goods","bindingPath":"goods.goods","bindingField":"goods","name":"商品"},{"$type":"SimpleField","readonly":false,"defaultValue":"","editor":{"$type":"TextBox"},"require":false,"multiLanguage":false,"type":{"$type":"StringType","displayName":"字符串","length":36,"name":"String"},"id":"b5ddadff-f377-4473-bfb4-2b5f00bb655d","path":"Goods.Goods_ID","label":"goods_ID","originalId":"b5ddadff-f377-4473-bfb4-2b5f00bb655d","code":"ID","bindingPath":"goods.goods_ID","bindingField":"goods_Goods_ID","name":"主键"},{"$type":"SimpleField","readonly":false,"defaultValue":"","editor":{"$type":"TextBox"},"require":false,"multiLanguage":false,"type":{"$type":"StringType","displayName":"字符串","length":36,"name":"String"},"id":"d0481109-c216-40df-a9b6-b0ef8270bcae","path":"Goods.Goods_GoodsName","label":"goods_GoodsName","originalId":"d0481109-c216-40df-a9b6-b0ef8270bcae","code":"GoodsName","bindingPath":"goods.goods_GoodsName","bindingField":"goods_Goods_GoodsName","name":"商品名称"}],"entities":[],"displayName":"商品","name":"GGoods20e4"},"id":"204927eb-f2ab-483b-9b94-c867874606f8","path":"Goods","label":"goods","originalId":"204927eb-f2ab-483b-9b94-c867874606f8","code":"Goods","bindingPath":"goods","bindingField":"goods","name":"商品"},{"$type":"SimpleField","readonly":false,"defaultValue":"","editor":{"$type":"EnumField"},"require":false,"multiLanguage":false,"type":{"$type":"EnumType","displayName":"枚举","valueType":{"$type":"StringType","displayName":"字符串","length":36,"name":"String"},"enumValues":[{"disabled":false,"name":"正常上架","value":"on"},{"disabled":false,"name":"新DLC上架","value":"dlc"},{"disabled":false,"name":"促销","value":"cx"}],"name":"Enum"},"id":"53f9562b-0350-4d0a-818f-f105cc8aa8ac","path":"Status","label":"status","originalId":"53f9562b-0350-4d0a-818f-f105cc8aa8ac","code":"Status","bindingPath":"status","bindingField":"status","name":"状态"},{"$type":"SimpleField","readonly":false,"defaultValue":"","editor":{"$type":"NumericBox"},"require":false,"multiLanguage":false,"type":{"$type":"NumericType","displayName":"数字","precision":0,"length":0,"name":"Number"},"id":"c5f1f727-b525-4e92-b7eb-30294fb5a81f","path":"Price","label":"price","originalId":"c5f1f727-b525-4e92-b7eb-30294fb5a81f","code":"Price","bindingPath":"price","bindingField":"price","name":"售价"},{"$type":"SimpleField","readonly":false,"defaultValue":"","editor":{"$type":"TextBox"},"require":false,"multiLanguage":false,"type":{"$type":"StringType","displayName":"字符串","length":36,"name":"String"},"id":"bdcd8454-9a30-471d-84a2-c751ac30c76a","path":"Other","label":"other","originalId":"bdcd8454-9a30-471d-84a2-c751ac30c76a","code":"Other","bindingPath":"other","bindingField":"other","name":"备注"}],"entities":[],"displayName":"商品活动","name":"GActivity"},"id":"aecc4771-8a94-4b0f-8724-012b3263bcea","label":"gActivitys","code":"GActivity","name":"商品活动"}],"variables":[],"sourceType":"vo","code":"GACTIVITY_frm","extendProperties":{"enableStdTimeFormat":true},"name":"商品活动_frm"}],"states":[],"contents":[],"stateMachines":[{"id":"GACTIVITY_state_machine","name":"商品活动_frm","uri":"864b255c-a394-4cc8-bfd4-a8a089435c30","code":"GACTIVITY_frm","nameSpace":"Inspur.GS.GoodsDevelop.GOODS1.GActivity.GActivity.Front"}],"viewmodels":[{"id":"root-viewmodel","code":"root-viewmodel","name":"商品活动","fields":[],"stateMachine":"GACTIVITY_state_machine","serviceRefs":[],"commands":[{"id":"18586d00-c490-4d34-b1f7-18cb98327100","code":"LoadList1","name":"加载列表数据","params":[{"name":"filter","shownName":"过滤条件","value":""},{"name":"sort","shownName":"排序条件","value":""}],"handlerName":"LoadList","cmpId":"c121742e-6028-48bf-817c-1dda7fb098df","extensions":[],"isInvalid":false},{"id":"919594d1-2755-43c2-8fa3-fb588f84ebf5","code":"OpenSidebarAndAdd1","name":"通过侧边栏新增数据","params":[{"name":"transitionAction","shownName":"状态机动作","value":"Create"}],"handlerName":"OpenSidebarAndAdd","cmpId":"c121742e-6028-48bf-817c-1dda7fb098df","extensions":[],"isInvalid":false},{"id":"cb66d018-8489-46f2-8175-51efcc74b5f5","code":"OpenSidebarAndEdit1","name":"通过侧边栏编辑数据","params":[{"name":"transitionAction","shownName":"状态机动作","value":"Edit"}],"handlerName":"OpenSidebarAndEdit","cmpId":"c121742e-6028-48bf-817c-1dda7fb098df","extensions":[],"isInvalid":false},{"id":"1c906619-3a24-491e-9aac-831ab76a76ac","code":"OpenSidebarAndView1","name":"通过侧边栏查看数据","params":[],"handlerName":"OpenSidebarAndView","cmpId":"c121742e-6028-48bf-817c-1dda7fb098df","extensions":[],"isInvalid":false},{"id":"241844e1-22d9-4409-95ad-5e9d2d96866f","code":"Remove1","name":"删除当前数据","params":[{"name":"currentId","shownName":"待删除数据的标识","value":"{DATA~/#{data-grid-component}/id}"}],"handlerName":"Remove","cmpId":"c121742e-6028-48bf-817c-1dda7fb098df","extensions":[],"isInvalid":false},{"id":"5db076fd-52df-41be-b5b0-b7a87efe51d2","code":"Add1","name":"新增一条数据","params":[{"name":"transitState","shownName":"状态机动作","value":"Create"}],"handlerName":"Add","cmpId":"c121742e-6028-48bf-817c-1dda7fb098df","extensions":[],"isInvalid":false},{"id":"80ab18d8-0c63-417c-af0a-c63446bd3316","code":"Edit1","name":"编辑当前数据","params":[{"name":"transitState","shownName":"状态机动作","value":"Edit"}],"handlerName":"Edit","cmpId":"c121742e-6028-48bf-817c-1dda7fb098df","extensions":[],"isInvalid":false},{"id":"3ab6b1b4-ea88-4dc2-8bb6-b431b25f0f07","code":"Save1","name":"保存变更","params":[{"name":"transitState","shownName":"状态机动作","value":"Save"}],"handlerName":"Save","cmpId":"c121742e-6028-48bf-817c-1dda7fb098df","extensions":[],"isInvalid":false},{"id":"7c87ee03-b4c6-45a8-872b-9f5cbf2dbb5f","code":"Cancel1","name":"取消变更","params":[{"name":"transitState","shownName":"状态机动作","value":"Cancel"}],"handlerName":"Cancel","cmpId":"c121742e-6028-48bf-817c-1dda7fb098df","extensions":[],"isInvalid":false},{"id":"7a402aac-571c-4c28-a07c-7af52beabc1e","code":"AddItem1","name":"增加一条子表数据","params":[],"handlerName":"AddItem","cmpId":"c121742e-6028-48bf-817c-1dda7fb098df","extensions":[],"isInvalid":false},{"id":"77c1ce7f-287c-4f42-b459-568b7a462f8c","code":"RemoveItem1","name":"删除一条子表数据","params":[{"name":"id","shownName":"待删除子表数据的标识","value":""}],"handlerName":"RemoveItem","cmpId":"c121742e-6028-48bf-817c-1dda7fb098df","extensions":[],"isInvalid":false},{"id":"d41a00a0-c401-44f9-90a8-dc2f4b4b8d45","code":"CheckBeforeClosingSidebar1","name":"关闭侧边栏前置检查方法","params":[{"name":"transitionAction","shownName":"状态机动作","value":"Cancel"}],"handlerName":"CheckBeforeClosingSidebar","cmpId":"c121742e-6028-48bf-817c-1dda7fb098df","extensions":[],"isInvalid":false},{"id":"fd3076ef-3123-4818-ab12-ea43e16b2de5","code":"CloseSidebar1","name":"关闭侧边栏（侧边栏）","params":[],"handlerName":"CloseSidebar","cmpId":"c121742e-6028-48bf-817c-1dda7fb098df","extensions":[],"isInvalid":false}],"states":[],"bindTo":"/","enableUnifiedSession":false},{"id":"data-grid-component-viewmodel","code":"data-grid-component-viewmodel","name":"商品活动","fields":[{"type":"Form","id":"d0481109-c216-40df-a9b6-b0ef8270bcae","fieldName":"goods_Goods_GoodsName","groupId":null,"groupName":null,"updateOn":"blur"},{"type":"Form","id":"53f9562b-0350-4d0a-818f-f105cc8aa8ac","fieldName":"status","groupId":null,"groupName":null,"updateOn":"change"},{"type":"Form","id":"c5f1f727-b525-4e92-b7eb-30294fb5a81f","fieldName":"price","groupId":null,"groupName":null,"updateOn":"blur"},{"type":"Form","id":"bdcd8454-9a30-471d-84a2-c751ac30c76a","fieldName":"other","groupId":null,"groupName":null,"updateOn":"blur"}],"commands":[{"id":"26755aa7-706a-4e0e-bc05-ad7aefe1417f","code":"LoadCard1","name":"加载卡片数据","params":[{"name":"currentId","shownName":"数据标识","value":"{DATA~/#{data-grid-component}/id}"}],"handlerName":"LoadCard","cmpId":"c121742e-6028-48bf-817c-1dda7fb098df","extensions":[],"isInvalid":false},{"id":"a305a0af-feaa-41e1-ac96-6fe00790f06f","code":"ChangePage1","name":"切换页码","params":[{"name":"loadCommandName","shownName":"切换页面后回调方法","value":"LoadList1"},{"name":"loadCommandFrameId","shownName":"目标组件","value":"#{root-component}"}],"handlerName":"ChangePage","cmpId":"c121742e-6028-48bf-817c-1dda7fb098df","extensions":[],"isInvalid":false}],"serviceRefs":[],"states":[],"bindTo":"/","parent":"root-viewmodel","pagination":{"enable":true,"pageSize":20,"pageList":"10,20,30,50,100"},"enableValidation":false},{"id":"detail-form-component-viewmodel","code":"detail-form-component-viewmodel","name":"商品活动","fields":[{"type":"Form","id":"d0481109-c216-40df-a9b6-b0ef8270bcae","fieldName":"goods_Goods_GoodsName","groupId":null,"groupName":null,"updateOn":"blur"},{"type":"Form","id":"53f9562b-0350-4d0a-818f-f105cc8aa8ac","fieldName":"status","groupId":null,"groupName":null,"updateOn":"change"},{"type":"Form","id":"c5f1f727-b525-4e92-b7eb-30294fb5a81f","fieldName":"price","groupId":null,"groupName":null,"updateOn":"blur"},{"type":"Form","id":"bdcd8454-9a30-471d-84a2-c751ac30c76a","fieldName":"other","groupId":null,"groupName":null,"updateOn":"blur"}],"commands":[],"serviceRefs":[],"states":[],"bindTo":"/","parent":"root-viewmodel","enableValidation":true}],"components":[{"id":"root-component","type":"Component","componentType":"Frame","viewModel":"root-viewmodel","onInit":"LoadList1","contents":[{"id":"root-layout","type":"ContentContainer","appearance":{"class":"f-page f-page-is-managelistwithsidebar"},"size":null,"contents":[{"id":"page-header","type":"ContentContainer","appearance":{"class":"f-page-header"},"size":null,"contents":[{"id":"header-nav","type":"ContentContainer","appearance":{"class":"f-page-header-base"},"size":null,"contents":[{"id":"header-title-container","type":"ContentContainer","appearance":{"class":"f-title"},"size":null,"contents":[{"id":"page-header-title","type":"HtmlTemplate","html":"<span class=\"f-title-icon f-text-orna-dict\"><i class=\"f-icon f-icon-page-title-dictionary\"></i></span><h4 class=\"f-title-text\">{{'title'|lang:lang:'商品活动'}}</h4>"}],"visible":true,"isScrollspyContainer":false,"isLikeCardContainer":false},{"id":"page-header-toolbar","type":"ToolBar","appearance":{"class":"col-7 f-toolbar"},"size":null,"items":[{"id":"button-add","type":"ToolBarItem","appearance":{"class":"btn-primary"},"disable":"!viewModel.stateMachine['canAdd']","text":"新增","visible":true,"click":"OpenSidebarAndAdd1","items":[],"usageMode":"button","modalConfig":null},{"id":"button-edit","type":"ToolBarItem","appearance":null,"disable":"!viewModel.stateMachine['canEdit']","text":"编辑","visible":true,"click":"OpenSidebarAndEdit1","items":[],"usageMode":"button","modalConfig":null},{"id":"button-view","type":"ToolBarItem","appearance":null,"disable":"!viewModel.stateMachine['canView']","text":"查看","visible":true,"click":"OpenSidebarAndView1","items":[],"usageMode":"button","modalConfig":null},{"id":"button-delete","type":"ToolBarItem","appearance":null,"disable":"!viewModel.stateMachine['canRemove']","text":"删除","visible":true,"click":"Remove1","items":[],"usageMode":"button","modalConfig":null}],"visible":true,"buttonSize":"default","popDirection":"default"}],"visible":true,"isScrollspyContainer":false,"isLikeCardContainer":false}],"visible":true,"isScrollspyContainer":false,"isLikeCardContainer":false},{"id":"page-main","type":"ContentContainer","appearance":{"class":"f-page-main"},"size":null,"contents":[{"id":"data-grid-component-ref","type":"ComponentRef","component":"data-grid-component","visible":true}],"visible":true,"isScrollspyContainer":false,"isLikeCardContainer":false},{"id":"detail-form-sidebar","type":"Sidebar","size":null,"position":"right","showHeader":true,"showEntry":false,"maskable":false,"iconCls":null,"width":null,"headerTemplate":"","headerTemplateClass":"","headerTitleTemplate":"","headerTitleTemplateClass":"","headerContentTemplate":"","headerContentTemplateClass":"","toolbar":{"id":"detail-form-toolbar","type":"ToolBar","appearance":{"class":""},"size":null,"items":[{"id":"button-sidebar-add","type":"ToolBarItem","appearance":null,"disable":"!viewModel.stateMachine['canAdd']","text":"新增","visible":true,"click":"Add1","items":[],"usageMode":"button","modalConfig":null},{"id":"button-sidebar-edit","type":"ToolBarItem","appearance":null,"disable":"!viewModel.stateMachine['canEdit']","text":"编辑","visible":true,"click":"Edit1","items":[],"usageMode":"button","modalConfig":null}],"visible":true,"buttonSize":"default","popDirection":"default"},"toolbarTemplateClass":"col-7 f-toolbar","customEntryTemplate":"","customEntryTemplateClass":"","contents":[{"id":"detail-component-ref","type":"ComponentRef","component":"detail-form-component","visible":true}],"visible":true,"showClose":true,"showFooter":true,"footerContentTemplate":"<button type=\"button\" class=\"btn btn-primary f-btn-ml\" [disabled]=\"!viewModel.stateMachine['canSave'] \" (click)=\"viewModel['Save1']()\">保存</button>\r\n<button type=\"button\" class=\"btn btn-secondary f-btn-ml\" [disabled]=\"!viewModel.stateMachine['canCancel']\" (click)=\"viewModel['Cancel1']()\">取消</button>\r\n<button type=\"button\" class=\"btn btn-secondary f-btn-ml\" (click)=\"viewModel.CloseSidebar1()\">关闭</button>","footerContentTemplateClass":"","changeState":null,"beforeCloseSidebar":"CheckBeforeClosingSidebar1","appearance":null,"maskClosable":true,"height":null,"contentTemplateClass":""}],"visible":true,"isScrollspyContainer":false,"isLikeCardContainer":false}],"appearance":null,"visible":true,"afterViewInit":null},{"id":"data-grid-component","type":"Component","componentType":"dataGrid","viewModel":"data-grid-component-viewmodel","appearance":{"class":"f-struct-wrapper f-utils-fill-flex-column"},"onInit":"","contents":[{"id":"data-grid-section","type":"Section","appearance":{"class":"f-section-grid f-section-in-managelist"},"size":null,"mainTitle":"","subTitle":"","headerClass":"","titleClass":"","extendedHeaderAreaClass":"","toolbarClass":"","extendedAreaClass":"","contentTemplateClass":"","fill":false,"expanded":true,"enableMaximize":true,"enableAccordion":"true","accordionMode":"default","showHeader":false,"headerTemplate":"","titleTemplate":"","extendedHeaderAreaTemplate":"","toolbarTemplate":"","extendedAreaTemplate":"","contents":[{"id":"dataGrid","type":"DataGrid","controlSource":"Farris","appearance":{"class":"f-component-grid"},"size":null,"dataSource":"gActivitys","fields":[{"id":"goods_Goods_GoodsName_d0481109_nq7k","type":"GridField","controlSource":"Farris","caption":"商品名称","captionTemplate":null,"dataField":"goods.goods_GoodsName","dataType":"string","binding":{"type":"Form","path":"goods_Goods_GoodsName","field":"d0481109-c216-40df-a9b6-b0ef8270bcae","fullPath":"Goods.Goods_GoodsName"},"enumData":null,"appearance":null,"size":{"width":120},"displayTemplate":null,"editor":null,"draggable":false,"frozen":"none","sortable":true,"sortOrder":null,"resizeable":true,"aggregate":{"type":"none","formatter":{"type":"none"}},"groupAggregate":{"type":"none","formatter":{"type":"none"}},"styler":"","colTemplate":"","linkedLabelEnabled":false,"linkedLabelClick":null,"textAlign":"left","hAlign":"left","vAlign":"middle","formatter":{"type":"none"},"showTips":false,"tipContent":null,"multiLanguage":false,"enableFilter":false,"headerStyler":"","localization":false,"idField":"value","textField":"name","readonly":false,"visible":true,"allowGrouping":true,"tipMode":"auto","captionTipContent":"","captionTipStyler":"","enableBatchEdit":false,"localizationType":"Date"},{"id":"status_53f9562b_qo3j","type":"GridField","controlSource":"Farris","caption":"状态","captionTemplate":null,"dataField":"status","dataType":"enum","binding":{"type":"Form","path":"status","field":"53f9562b-0350-4d0a-818f-f105cc8aa8ac","fullPath":"Status"},"enumData":[{"disabled":false,"name":"正常上架","value":"on"},{"disabled":false,"name":"新DLC上架","value":"dlc"},{"disabled":false,"name":"促销","value":"cx"}],"appearance":null,"size":{"width":120},"displayTemplate":null,"editor":null,"draggable":false,"frozen":"none","sortable":true,"sortOrder":null,"resizeable":true,"aggregate":{"type":"none","formatter":{"type":"none"}},"groupAggregate":{"type":"none","formatter":{"type":"none"}},"styler":"","colTemplate":"","linkedLabelEnabled":false,"linkedLabelClick":null,"textAlign":"left","hAlign":"left","vAlign":"middle","formatter":{"type":"none"},"showTips":false,"tipContent":null,"multiLanguage":false,"enableFilter":false,"headerStyler":"","localization":false,"idField":"value","textField":"name","readonly":false,"visible":true,"allowGrouping":true,"tipMode":"auto","captionTipContent":"","captionTipStyler":"","enableBatchEdit":false},{"id":"price_c5f1f727_nzz9","type":"GridField","controlSource":"Farris","caption":"售价","captionTemplate":null,"dataField":"price","dataType":"number","binding":{"type":"Form","path":"price","field":"c5f1f727-b525-4e92-b7eb-30294fb5a81f","fullPath":"Price"},"enumData":null,"appearance":null,"size":{"width":120},"displayTemplate":null,"editor":null,"draggable":false,"frozen":"none","sortable":true,"sortOrder":null,"resizeable":true,"aggregate":{"type":"none","formatter":{"type":"none"}},"groupAggregate":{"type":"none","formatter":{"type":"none"}},"styler":"","colTemplate":"","linkedLabelEnabled":false,"linkedLabelClick":null,"textAlign":"left","hAlign":"left","vAlign":"middle","formatter":{"type":"number","precision":0,"thousand":",","decimal":"."},"showTips":false,"tipContent":null,"multiLanguage":false,"enableFilter":false,"headerStyler":"","localization":false,"idField":"value","textField":"name","readonly":false,"visible":true,"allowGrouping":true,"tipMode":"auto","captionTipContent":"","captionTipStyler":"","enableBatchEdit":false},{"id":"other_bdcd8454_5ttp","type":"GridField","controlSource":"Farris","caption":"备注","captionTemplate":null,"dataField":"other","dataType":"string","binding":{"type":"Form","path":"other","field":"bdcd8454-9a30-471d-84a2-c751ac30c76a","fullPath":"Other"},"enumData":null,"appearance":null,"size":{"width":120},"displayTemplate":null,"editor":null,"draggable":false,"frozen":"none","sortable":true,"sortOrder":null,"resizeable":true,"aggregate":{"type":"none","formatter":{"type":"none"}},"groupAggregate":{"type":"none","formatter":{"type":"none"}},"styler":"","colTemplate":"","linkedLabelEnabled":false,"linkedLabelClick":null,"textAlign":"left","hAlign":"left","vAlign":"middle","formatter":{"type":"none"},"showTips":false,"tipContent":null,"multiLanguage":false,"enableFilter":false,"headerStyler":"","localization":false,"idField":"value","textField":"name","readonly":false,"visible":true,"allowGrouping":true,"tipMode":"auto","captionTipContent":"","captionTipStyler":"","enableBatchEdit":false,"localizationType":"Date"}],"focusedItem":null,"focusedIndex":null,"identifyField":null,"multiSelect":false,"selectable":null,"showCheckbox":false,"showAllCheckbox":false,"checkOnSelect":false,"selectOnCheck":false,"itemTemplate":null,"toolBar":null,"summary":null,"groupable":false,"group":null,"showGroupColumn":true,"groupFormatter":null,"groupStyler":null,"groupFooter":false,"onSelectionChange":"LoadCard1","fieldEditable":false,"fitColumns":false,"autoFitColumns":false,"appendRow":null,"disable":"viewModel.stateMachine['editable']","pageChange":"ChangePage1","pageSizeChanged":"ChangePage1","styler":"","multiSort":false,"showBorder":false,"striped":true,"showLineNumber":false,"disableRow":null,"beforeSelect":null,"beforeUnSelect":null,"beforeCheck":null,"beforeUnCheck":null,"dblClickRow":null,"showFooter":false,"footerTemplate":"","footerDataFrom":"client","footerDataCommand":null,"enableFilterRow":false,"remoteFilter":false,"showFilterBar":false,"useControlPanel":false,"autoHeight":false,"showSelectedList":false,"selectedItemFormatter":null,"lineNumberWidth":36,"enableMorePageSelect":false,"pagination":true,"lockPagination":"viewModel.stateMachine&&viewModel.stateMachine['editable']","showPageSize":false,"editable":null,"fixedColumns":[],"enableCommandColumn":false,"onEditClicked":"","onDeleteClicked":"","commandColumnWidth":120,"showCommandColumn":true,"checkedChange":null,"footerHeight":29,"filterType":"none","enableSmartFilter":false,"lineNumberTitle":"","rowClick":null,"headerWrap":false,"emptyTemplate":null,"emptyDataHeight":240,"maxHeight":300,"rowHeight":30,"enableHighlightCell":false,"enableEditCellStyle":false,"showRowGroupPanel":false,"enableDragColumn":false,"groupSummaryPosition":"groupFooterRow","clearSelectionsWhenDataIsEmpty":true,"keepSelect":true,"enableEditByCard":"none","visible":true,"showGotoInput":false,"scrollBarShowMode":"auto","showScrollArrow":false,"footerPosition":"bottom","footerStyler":null,"selectOnEditing":false,"selectionMode":"default","enableContextMenu":false,"disableGroupOnEditing":true,"enableSimpleMode":false,"enableScheme":false,"beforeEdit":null,"nowrap":true,"mergeCell":false,"remoteSort":false,"columnSorted":null,"enableHeaderGroup":false,"headerGroup":null,"AutoColumnWidthUseDblclick":true,"virtualized":false,"virtualizedAsyncLoad":false,"scrollYLoad":null,"pagerContentTemplate":null,"expandGroupRows":true,"useBlankWhenDataIsEmpty":false,"checked":null,"unChecked":null,"checkAll":null,"unCheckAll":null,"filterChanged":null,"enableEditStateFilterSorting":false,"showConfirmWhenSchemeChanged":false,"enableSetMultiHeaders":false}],"visible":true,"isScrollSpyItem":false,"toolbar":{"type":"SectionToolbar","position":"inHead","contents":[]}}],"visible":true,"afterViewInit":null},{"id":"detail-form-component","type":"Component","componentType":"form-col-1","viewModel":"detail-form-component-viewmodel","onInit":"","appearance":{"class":"d-block"},"contents":[{"id":"detail-form-layout","type":"Form","appearance":{"class":"farris-form d-flex flex-wrap farris-form-controls-inline"},"size":null,"contents":[{"id":"goods_Goods_GoodsName_d0481109_gumn","type":"TextBox","titleSourceType":"static","title":"商品名称","appearance":{"class":"col-12"},"size":null,"binding":{"type":"Form","path":"goods_Goods_GoodsName","field":"d0481109-c216-40df-a9b6-b0ef8270bcae","fullPath":"Goods.Goods_GoodsName"},"readonly":"!viewModel.stateMachine['editable']","require":false,"disable":false,"placeHolder":"","format":null,"validation":null,"value":null,"maxLength":36,"linkedLabelEnabled":false,"linkedLabelClick":null,"visible":true,"holdPlace":false,"isTextArea":true,"isPassword":false,"tabindex":-1,"hasDefaultFocus":false,"focusState":null,"titleWidth":null,"enableTips":true,"path":"goods.goods_GoodsName","enableAppend":false,"inputAppendType":"button","inputAppendDisabled":false,"formatValidation":{"type":"none","expression":"","message":""},"autoHeight":false,"maxHeight":500},{"id":"status_53f9562b_id5v","type":"EnumField","titleSourceType":"static","title":"状态","controlSource":"Farris","appearance":{"class":"col-12"},"size":null,"binding":{"type":"Form","path":"status","field":"53f9562b-0350-4d0a-818f-f105cc8aa8ac","fullPath":"Status"},"placeHolder":"","readonly":"!viewModel.stateMachine['editable']","require":false,"disable":false,"enumData":[{"disabled":false,"name":"正常上架","value":"on"},{"disabled":false,"name":"新DLC上架","value":"dlc"},{"disabled":false,"name":"促销","value":"cx"}],"holdPlace":false,"isTextArea":true,"linkedLabelEnabled":false,"linkedLabelClick":null,"visible":true,"tabindex":-1,"hasDefaultFocus":false,"focusState":null,"titleWidth":null,"idField":"value","textField":"name","multiSelect":false,"uri":"","autoWidth":true,"enableClear":false,"onClear":null,"valueChanged":null,"onShown":null,"onHidden":null,"editable":false,"enableCancelSelected":false,"beforeShow":null,"beforeHide":null,"dataSourceType":"static","path":"status","viewType":"text","noSearch":false,"maxSearchLength":null,"enableAppend":false,"inputAppendType":"button","inputAppendDisabled":false,"autoHeight":false,"maxHeight":500,"showDisabledItem":true},{"id":"price_c5f1f727_5qgq","type":"NumericBox","titleSourceType":"static","title":"售价","controlSource":"Farris","appearance":{"class":"col-12"},"size":null,"binding":{"type":"Form","path":"price","field":"c5f1f727-b525-4e92-b7eb-30294fb5a81f","fullPath":"Price"},"readonly":"!viewModel.stateMachine['editable']","require":false,"disable":false,"placeHolder":"","textAlign":"left","precisionSourceType":"static","precision":0,"validation":null,"maxValue":null,"minValue":null,"step":1,"useThousands":true,"formatter":null,"parser":null,"canNull":true,"bigNumber":false,"maxLength":0,"holdPlace":false,"linkedLabelEnabled":false,"linkedLabelClick":null,"visible":true,"isTextArea":true,"tabindex":-1,"hasDefaultFocus":false,"focusState":null,"titleWidth":null,"showZero":true,"showButton":true,"path":"price","localization":false,"enableAppend":false,"inputAppendType":"button","inputAppendDisabled":false,"autoHeight":false,"maxHeight":500},{"id":"other_bdcd8454_3jnz","type":"TextBox","titleSourceType":"static","title":"备注","appearance":{"class":"col-12"},"size":null,"binding":{"type":"Form","path":"other","field":"bdcd8454-9a30-471d-84a2-c751ac30c76a","fullPath":"Other"},"readonly":"!viewModel.stateMachine['editable']","require":false,"disable":false,"placeHolder":"","format":null,"validation":null,"value":null,"maxLength":36,"linkedLabelEnabled":false,"linkedLabelClick":null,"visible":true,"holdPlace":false,"isTextArea":true,"isPassword":false,"tabindex":-1,"hasDefaultFocus":false,"focusState":null,"titleWidth":null,"enableTips":true,"path":"other","enableAppend":false,"inputAppendType":"button","inputAppendDisabled":false,"formatValidation":{"type":"none","expression":"","message":""},"autoHeight":false,"maxHeight":500}],"controlsInline":true,"formAutoIntl":true,"visible":true,"labelAutoOverflow":false}],"visible":true,"afterViewInit":null}],"webcmds":[{"id":"c121742e-6028-48bf-817c-1dda7fb098df","path":"/projects/packages/Inspur.GS.Gsp.Web.WebCmp/webcmd","name":"AdvancedListCardWithSidebarController.webcmd","refedHandlers":[{"host":"18586d00-c490-4d34-b1f7-18cb98327100","handler":"LoadList"},{"host":"919594d1-2755-43c2-8fa3-fb588f84ebf5","handler":"OpenSidebarAndAdd"},{"host":"cb66d018-8489-46f2-8175-51efcc74b5f5","handler":"OpenSidebarAndEdit"},{"host":"1c906619-3a24-491e-9aac-831ab76a76ac","handler":"OpenSidebarAndView"},{"host":"241844e1-22d9-4409-95ad-5e9d2d96866f","handler":"Remove"},{"host":"26755aa7-706a-4e0e-bc05-ad7aefe1417f","handler":"LoadCard"},{"host":"a305a0af-feaa-41e1-ac96-6fe00790f06f","handler":"ChangePage"},{"host":"5db076fd-52df-41be-b5b0-b7a87efe51d2","handler":"Add"},{"host":"80ab18d8-0c63-417c-af0a-c63446bd3316","handler":"Edit"},{"host":"3ab6b1b4-ea88-4dc2-8bb6-b431b25f0f07","handler":"Save"},{"host":"7c87ee03-b4c6-45a8-872b-9f5cbf2dbb5f","handler":"Cancel"},{"host":"7a402aac-571c-4c28-a07c-7af52beabc1e","handler":"AddItem"},{"host":"77c1ce7f-287c-4f42-b459-568b7a462f8c","handler":"RemoveItem"},{"host":"d41a00a0-c401-44f9-90a8-dc2f4b4b8d45","handler":"CheckBeforeClosingSidebar"},{"host":"fd3076ef-3123-4818-ab12-ea43e16b2de5","handler":"CloseSidebar"}],"code":"AdvancedListCardWithSidebarController","nameSpace":"Inspur.GS.Gsp.Web.WebCmp"}],"serviceRefs":[],"projectName":"bo-gactivity-front","showType":"page","toolbar":{"items":{},"configs":{}},"declarations":{"events":[],"commands":[],"states":[]},"subscriptions":[],"extraImports":[],"expressions":[],"metadataId":"8b0cba93-6874-46e4-a85d-ecd696eaa2cb","actions":[{"sourceComponent":{"id":"button-add","viewModelId":"root-viewmodel","map":[{"event":{"label":"click","name":"点击事件"},"targetComponent":{"id":"root-component","viewModelId":"root-viewmodel"},"command":{"id":"919594d1-2755-43c2-8fa3-fb588f84ebf5","label":"OpenSidebarAndAdd1","name":"通过侧边栏新增数据","handlerName":"OpenSidebarAndAdd","params":[{"name":"transitionAction","shownName":"状态机动作","value":"Create"}],"cmpId":"c121742e-6028-48bf-817c-1dda7fb098df","isNewGenerated":false,"isInvalid":false},"controller":{"id":"c121742e-6028-48bf-817c-1dda7fb098df","label":"AdvancedListCardWithSidebarController","name":"高级列卡控制器（侧边栏）"}}]}},{"sourceComponent":{"id":"button-edit","viewModelId":"root-viewmodel","map":[{"event":{"label":"click","name":"点击事件"},"targetComponent":{"id":"root-component","viewModelId":"root-viewmodel"},"command":{"id":"cb66d018-8489-46f2-8175-51efcc74b5f5","label":"OpenSidebarAndEdit1","name":"通过侧边栏编辑数据","handlerName":"OpenSidebarAndEdit","params":[{"name":"transitionAction","shownName":"状态机动作","value":"Edit"}],"cmpId":"c121742e-6028-48bf-817c-1dda7fb098df","isNewGenerated":false,"isInvalid":false},"controller":{"id":"c121742e-6028-48bf-817c-1dda7fb098df","label":"AdvancedListCardWithSidebarController","name":"高级列卡控制器（侧边栏）"}}]}},{"sourceComponent":{"id":"button-view","viewModelId":"root-viewmodel","map":[{"event":{"label":"click","name":"点击事件"},"targetComponent":{"id":"root-component","viewModelId":"root-viewmodel"},"command":{"id":"1c906619-3a24-491e-9aac-831ab76a76ac","label":"OpenSidebarAndView1","name":"通过侧边栏查看数据","handlerName":"OpenSidebarAndView","params":[],"cmpId":"c121742e-6028-48bf-817c-1dda7fb098df","isNewGenerated":false,"isInvalid":false},"controller":{"id":"c121742e-6028-48bf-817c-1dda7fb098df","label":"AdvancedListCardWithSidebarController","name":"高级列卡控制器（侧边栏）"}}]}},{"sourceComponent":{"id":"button-delete","viewModelId":"root-viewmodel","map":[{"event":{"label":"click","name":"点击事件"},"targetComponent":{"id":"root-component","viewModelId":"root-viewmodel"},"command":{"id":"241844e1-22d9-4409-95ad-5e9d2d96866f","label":"Remove1","name":"删除当前数据","handlerName":"Remove","params":[{"name":"currentId","shownName":"待删除数据的标识","value":"{DATA~/#{data-grid-component}/id}"}],"cmpId":"c121742e-6028-48bf-817c-1dda7fb098df","isNewGenerated":false,"isInvalid":false},"controller":{"id":"c121742e-6028-48bf-817c-1dda7fb098df","label":"AdvancedListCardWithSidebarController","name":"高级列卡控制器（侧边栏）"}}]}},{"sourceComponent":{"id":"button-sidebar-add","viewModelId":"root-viewmodel","map":[{"event":{"label":"click","name":"点击事件"},"targetComponent":{"id":"root-component","viewModelId":"root-viewmodel"},"command":{"id":"5db076fd-52df-41be-b5b0-b7a87efe51d2","label":"Add1","name":"新增一条数据","handlerName":"Add","params":[{"name":"transitState","shownName":"状态机动作","value":"Create"}],"cmpId":"c121742e-6028-48bf-817c-1dda7fb098df","isNewGenerated":false,"isInvalid":false},"controller":{"id":"c121742e-6028-48bf-817c-1dda7fb098df","label":"AdvancedListCardWithSidebarController","name":"高级列卡控制器（侧边栏）"}}]}},{"sourceComponent":{"id":"button-sidebar-edit","viewModelId":"root-viewmodel","map":[{"event":{"label":"click","name":"点击事件"},"targetComponent":{"id":"root-component","viewModelId":"root-viewmodel"},"command":{"id":"80ab18d8-0c63-417c-af0a-c63446bd3316","label":"Edit1","name":"编辑当前数据","handlerName":"Edit","params":[{"name":"transitState","shownName":"状态机动作","value":"Edit"}],"cmpId":"c121742e-6028-48bf-817c-1dda7fb098df","isNewGenerated":false,"isInvalid":false},"controller":{"id":"c121742e-6028-48bf-817c-1dda7fb098df","label":"AdvancedListCardWithSidebarController","name":"高级列卡控制器（侧边栏）"}}]}},{"sourceComponent":{"id":"button-sidebar-add","viewModelId":"root-viewmodel","map":[{"event":{"label":"click","name":"点击事件"},"targetComponent":{"id":"root-component","viewModelId":"root-viewmodel"},"command":{"id":"5db076fd-52df-41be-b5b0-b7a87efe51d2","label":"Add1","name":"新增一条数据","handlerName":"Add","params":[{"name":"transitState","shownName":"状态机动作","value":"Create"}],"cmpId":"c121742e-6028-48bf-817c-1dda7fb098df","isNewGenerated":false,"isInvalid":false},"controller":{"id":"c121742e-6028-48bf-817c-1dda7fb098df","label":"AdvancedListCardWithSidebarController","name":"高级列卡控制器（侧边栏）"}}]}},{"sourceComponent":{"id":"button-sidebar-edit","viewModelId":"root-viewmodel","map":[{"event":{"label":"click","name":"点击事件"},"targetComponent":{"id":"root-component","viewModelId":"root-viewmodel"},"command":{"id":"80ab18d8-0c63-417c-af0a-c63446bd3316","label":"Edit1","name":"编辑当前数据","handlerName":"Edit","params":[{"name":"transitState","shownName":"状态机动作","value":"Edit"}],"cmpId":"c121742e-6028-48bf-817c-1dda7fb098df","isNewGenerated":false,"isInvalid":false},"controller":{"id":"c121742e-6028-48bf-817c-1dda7fb098df","label":"AdvancedListCardWithSidebarController","name":"高级列卡控制器（侧边栏）"}}]}},{"sourceComponent":{"id":"detail-form-sidebar","viewModelId":"root-viewmodel","map":[{"event":{"label":"beforeCloseSidebar","name":"侧边栏关闭前事件"},"targetComponent":{"id":"root-component","viewModelId":"root-viewmodel"},"command":{"id":"d41a00a0-c401-44f9-90a8-dc2f4b4b8d45","label":"CheckBeforeClosingSidebar1","name":"关闭侧边栏前置检查方法","handlerName":"CheckBeforeClosingSidebar","params":[{"name":"transitionAction","shownName":"状态机动作","value":"Cancel"}],"cmpId":"c121742e-6028-48bf-817c-1dda7fb098df","isNewGenerated":false,"isInvalid":false},"controller":{"id":"c121742e-6028-48bf-817c-1dda7fb098df","label":"AdvancedListCardWithSidebarController","name":"高级列卡控制器（侧边栏）"}}]}},{"sourceComponent":{"id":"root-component","viewModelId":"root-viewmodel","map":[{"event":{"label":"onInit","name":"初始化事件"},"targetComponent":{"id":"root-component","viewModelId":"root-viewmodel"},"command":{"id":"18586d00-c490-4d34-b1f7-18cb98327100","label":"LoadList1","name":"加载列表数据","handlerName":"LoadList","params":[{"name":"filter","shownName":"过滤条件","value":""},{"name":"sort","shownName":"排序条件","value":""}],"cmpId":"c121742e-6028-48bf-817c-1dda7fb098df","isNewGenerated":false,"isInvalid":false},"controller":{"id":"c121742e-6028-48bf-817c-1dda7fb098df","label":"AdvancedListCardWithSidebarController","name":"高级列卡控制器（侧边栏）"}}]}},{"sourceComponent":{"id":"dataGrid","viewModelId":"data-grid-component-viewmodel","map":[{"event":{"label":"onSelectionChange","name":"行切换事件"},"targetComponent":{"id":"data-grid-component","viewModelId":"data-grid-component-viewmodel"},"command":{"id":"26755aa7-706a-4e0e-bc05-ad7aefe1417f","label":"LoadCard1","name":"加载卡片数据","handlerName":"LoadCard","params":[{"name":"currentId","shownName":"数据标识","value":"{DATA~/#{data-grid-component}/id}"}],"cmpId":"c121742e-6028-48bf-817c-1dda7fb098df","isNewGenerated":false,"isInvalid":false},"controller":{"id":"c121742e-6028-48bf-817c-1dda7fb098df","label":"AdvancedListCardWithSidebarController","name":"高级列卡控制器（侧边栏）"}},{"event":{"label":"pageChange","name":"切换页码事件"},"targetComponent":{"id":"data-grid-component","viewModelId":"data-grid-component-viewmodel"},"command":{"id":"a305a0af-feaa-41e1-ac96-6fe00790f06f","label":"ChangePage1","name":"切换页码","handlerName":"ChangePage","params":[{"name":"loadCommandName","shownName":"切换页面后回调方法","value":"LoadList1"},{"name":"loadCommandFrameId","shownName":"目标组件","value":"#{root-component}"}],"cmpId":"c121742e-6028-48bf-817c-1dda7fb098df","isNewGenerated":false,"isInvalid":false},"controller":{"id":"c121742e-6028-48bf-817c-1dda7fb098df","label":"AdvancedListCardWithSidebarController","name":"高级列卡控制器（侧边栏）"}},{"event":{"label":"pageSizeChanged","name":"分页条数变化事件"},"targetComponent":{"id":"data-grid-component","viewModelId":"data-grid-component-viewmodel"},"command":{"id":"a305a0af-feaa-41e1-ac96-6fe00790f06f","label":"ChangePage1","name":"切换页码","handlerName":"ChangePage","params":[{"name":"loadCommandName","shownName":"切换页面后回调方法","value":"LoadList1"},{"name":"loadCommandFrameId","shownName":"目标组件","value":"#{root-component}"}],"cmpId":"c121742e-6028-48bf-817c-1dda7fb098df","isNewGenerated":false,"isInvalid":false},"controller":{"id":"c121742e-6028-48bf-817c-1dda7fb098df","label":"AdvancedListCardWithSidebarController","name":"高级列卡控制器（侧边栏）"}}]}}]},"options":{"enableTextArea":true,"renderMode":"compile","enableDeleteSourceCode":true,"changeSetPolicy":"valid","enableServerSideChangeDetection":true}}