[{"Code":"GOODSACTIVITY_frm","Name":"商品活动_frm","Id":"ce0e1369-ad8f-40bc-a5ce-c8795d04e997","Version":"1.0","Description":"商品活动_frm服务","BizObject":"abd50ad9-24a9-c205-323d-15cb73271c9a","CriticalApplication":"goodsdevelop","ServiceUnit":"goods1","RouteUrl":"goodsactivity_frm","Service":{"Id":"6e50511b-c34f-4ec2-a376-5ef11c71d1f3","ResourceId":"e51dfd8f-f107-48e0-8e64-c63867bcdcdd","ResourceType":"VO","ResourceCode":"com.inspur.gs.goodsdevelop.goods1.gactivity.gactivity.front.vo.GOODSACTIVITY_frm","ResourceName":"商品活动_frm","ResourceNameSpace":"Inspur.GS.GoodsDevelop.GOODS1.GActivity.GActivity.Front","ResourcePath":null,"ResourceFileName":null,"Operations":[{"Id":"e51dfd8f-f107-48e0-8e64-c63867bcdcdd&^^&CreateSession","Code":"CreateSession","Name":"创建业务上下文","Description":"在调用该服务其他操作前，应该首先调用该操作创建业务上下文。在业务上下文存在期间，所有通过该服务修改的数据均被锁定，其他业务上下文无法修改。","HttpMethod":"POST","Template":"service/createsession","Parameters":[{"Id":"e51dfd8f-f107-48e0-8e64-c63867bcdcdd&^^&CreateSessionParam","Code":"sessionId","Name":"sessionId","Description":"功能sessionId","ModelId":"string","ModelCode":null,"ModelName":"string","RefId":null,"RefCode":null,"RefName":null,"RefPath":null,"RefFileName":null,"ModelType":0,"In":"","IsRequired":true,"ListDeepth":0,"isCollection":false,"isRetVal":true,"isBasicType":true}],"ResourceOpId":"e51dfd8f-f107-48e0-8e64-c63867bcdcdd&^^&CreateSession","Transaction":false,"AssemblyInfo":null,"Extend1":"Basic","Extend2":null,"isDeprecated":false},{"Id":"e51dfd8f-f107-48e0-8e64-c63867bcdcdd&^^&CloseSession","Code":"CloseSession","Name":"关闭业务上下文","Description":"在调用该服务的其他操作完成业务功能后，应该调用该操作关闭业务上下文，否则该业务上下文内修改的数据将保持锁定状态，无法被其他用户修改。","HttpMethod":"POST","Template":"service/closesession","Parameters":null,"ResourceOpId":"e51dfd8f-f107-48e0-8e64-c63867bcdcdd&^^&CloseSession","Transaction":false,"AssemblyInfo":null,"Extend1":"Basic","Extend2":null,"isDeprecated":false},{"Id":"e51dfd8f-f107-48e0-8e64-c63867bcdcdd&^^&Create","Code":"Create","Name":"新增商品活动","Description":"新增商品活动，可指定字段初始值。","HttpMethod":"POST","Template":"","Parameters":[{"Id":"e51dfd8f-f107-48e0-8e64-c63867bcdcdd&^^&RequestInfo","Code":"requestInfo","Name":"请求信息","Description":"请求信息","ModelId":"e51dfd8f-f107-48e0-8e64-c63867bcdcdd&^^&RequestInfo","ModelCode":"RequestInfo","ModelName":"RequestInfo","RefId":"e51dfd8f-f107-48e0-8e64-c63867bcdcdd&^^&RequestInfo","RefCode":"RequestInfo","RefName":"RequestInfo","RefPath":null,"RefFileName":null,"ModelType":1,"In":"Body","IsRequired":false,"ListDeepth":0,"isCollection":false,"isRetVal":false,"isBasicType":false},{"Id":"e51dfd8f-f107-48e0-8e64-c63867bcdcdd&^^&defaultValue","Code":"defaultValue","Name":"默认值","Description":"默认值","ModelId":"e51dfd8f-f107-48e0-8e64-c63867bcdcdd&^^&DefaultValue","ModelCode":"DefaultValue","ModelName":"DefaultValue","RefId":"e51dfd8f-f107-48e0-8e64-c63867bcdcdd&^^&DefaultValue","RefCode":"DefaultValue","RefName":"DefaultValue","RefPath":null,"RefFileName":null,"ModelType":1,"In":"Body","IsRequired":false,"ListDeepth":0,"isCollection":false,"isRetVal":false,"isBasicType":false},{"Id":"e51dfd8f-f107-48e0-8e64-c63867bcdcdd&^^&ResponseInfo","Code":"responseInfo","Name":"响应信息","Description":"响应信息","ModelId":"e51dfd8f-f107-48e0-8e64-c63867bcdcdd&^^&ResponseInfo","ModelCode":"ResponseInfo","ModelName":"ResponseInfo","RefId":"e51dfd8f-f107-48e0-8e64-c63867bcdcdd&^^&ResponseInfo","RefCode":"ResponseInfo","RefName":"ResponseInfo","RefPath":null,"RefFileName":null,"ModelType":1,"In":"","IsRequired":true,"ListDeepth":0,"isCollection":false,"isRetVal":true,"isBasicType":false}],"ResourceOpId":"e51dfd8f-f107-48e0-8e64-c63867bcdcdd&^^&Create","Transaction":false,"AssemblyInfo":null,"Extend1":"Basic","Extend2":null,"isDeprecated":false},{"Id":"e51dfd8f-f107-48e0-8e64-c63867bcdcdd&^^&BatchCreate","Code":"BatchCreate","Name":"批量新增商品活动","Description":"批量新增商品活动，可指定字段初始值。","HttpMethod":"POST","Template":"/batch","Parameters":[{"Id":"e51dfd8f-f107-48e0-8e64-c63867bcdcdd&^^&RequestInfo","Code":"requestInfo","Name":"请求信息","Description":"请求信息","ModelId":"e51dfd8f-f107-48e0-8e64-c63867bcdcdd&^^&RequestInfo","ModelCode":"RequestInfo","ModelName":"RequestInfo","RefId":"e51dfd8f-f107-48e0-8e64-c63867bcdcdd&^^&RequestInfo","RefCode":"RequestInfo","RefName":"RequestInfo","RefPath":null,"RefFileName":null,"ModelType":1,"In":"Body","IsRequired":true,"ListDeepth":0,"isCollection":false,"isRetVal":false,"isBasicType":false},{"Id":"e51dfd8f-f107-48e0-8e64-c63867bcdcdd&^^&retrieveDefaultParam","Code":"retrieveDefaultParam","Name":"默认值","Description":"默认值","ModelId":"e51dfd8f-f107-48e0-8e64-c63867bcdcdd&^^&RetrieveDefaultParam","ModelCode":"RetrieveDefaultParam","ModelName":"RetrieveDefaultParam","RefId":"e51dfd8f-f107-48e0-8e64-c63867bcdcdd&^^&RetrieveDefaultParam","RefCode":"RetrieveDefaultParam","RefName":"RetrieveDefaultParam","RefPath":null,"RefFileName":null,"ModelType":1,"In":"Body","IsRequired":false,"ListDeepth":0,"isCollection":false,"isRetVal":false,"isBasicType":false},{"Id":"e51dfd8f-f107-48e0-8e64-c63867bcdcdd&^^&ResponseInfo","Code":"responseInfo","Name":"响应信息","Description":"响应信息","ModelId":"e51dfd8f-f107-48e0-8e64-c63867bcdcdd&^^&ResponseInfo","ModelCode":"ResponseInfo","ModelName":"ResponseInfo","RefId":"e51dfd8f-f107-48e0-8e64-c63867bcdcdd&^^&ResponseInfo","RefCode":"ResponseInfo","RefName":"ResponseInfo","RefPath":null,"RefFileName":null,"ModelType":1,"In":"","IsRequired":true,"ListDeepth":0,"isCollection":false,"isRetVal":true,"isBasicType":false}],"ResourceOpId":"e51dfd8f-f107-48e0-8e64-c63867bcdcdd&^^&BatchCreate","Transaction":false,"AssemblyInfo":null,"Extend1":"Basic","Extend2":null,"isDeprecated":false},{"Id":"e51dfd8f-f107-48e0-8e64-c63867bcdcdd&^^&Edit","Code":"Edit","Name":"编辑商品活动","Description":"编辑指定的商品活动，此操作会锁定相应的商品活动数据。该操作成功后，其他用户不能修改该数据，直到调用”保存“或”取消“操作。","HttpMethod":"PUT","Template":"/service/edit/{dataId}","Parameters":[{"Id":"e51dfd8f-f107-48e0-8e64-c63867bcdcdd&^^&RequestInfo","Code":"requestInfo","Name":"请求信息","Description":"请求信息","ModelId":"e51dfd8f-f107-48e0-8e64-c63867bcdcdd&^^&RequestInfo","ModelCode":"RequestInfo","ModelName":"RequestInfo","RefId":"e51dfd8f-f107-48e0-8e64-c63867bcdcdd&^^&RequestInfo","RefCode":"RequestInfo","RefName":"RequestInfo","RefPath":null,"RefFileName":null,"ModelType":1,"In":"Body","IsRequired":false,"ListDeepth":0,"isCollection":false,"isRetVal":false,"isBasicType":false},{"Id":"e51dfd8f-f107-48e0-8e64-c63867bcdcdd&^^&RetrieveParam","Code":"dataId","Name":"单据内码","Description":"单据内码","ModelId":"string","ModelCode":null,"ModelName":"string","RefId":null,"RefCode":null,"RefName":null,"RefPath":null,"RefFileName":null,"ModelType":0,"In":"Path","IsRequired":true,"ListDeepth":0,"isCollection":false,"isRetVal":false,"isBasicType":true},{"Id":"e51dfd8f-f107-48e0-8e64-c63867bcdcdd&^^&ResponseInfo","Code":"responseInfo","Name":"响应信息","Description":"响应信息","ModelId":"e51dfd8f-f107-48e0-8e64-c63867bcdcdd&^^&ResponseInfo","ModelCode":"ResponseInfo","ModelName":"ResponseInfo","RefId":"e51dfd8f-f107-48e0-8e64-c63867bcdcdd&^^&ResponseInfo","RefCode":"ResponseInfo","RefName":"ResponseInfo","RefPath":null,"RefFileName":null,"ModelType":1,"In":"","IsRequired":true,"ListDeepth":0,"isCollection":false,"isRetVal":true,"isBasicType":false}],"ResourceOpId":"e51dfd8f-f107-48e0-8e64-c63867bcdcdd&^^&Edit","Transaction":false,"AssemblyInfo":null,"Extend1":"Basic","Extend2":null,"isDeprecated":false},{"Id":"e51dfd8f-f107-48e0-8e64-c63867bcdcdd&^^&Delete","Code":"Delete","Name":"删除商品活动","Description":"删除指定的商品活动，该操作仅在当前业务上下文中删除，并不会持久化到数据库。后续需调用”保存“操作进行持久化，如需要立即持久化，请调用”删除商品活动并保存“操作。","HttpMethod":"DELETE","Template":"/{dataId}","Parameters":[{"Id":"e51dfd8f-f107-48e0-8e64-c63867bcdcdd&^^&DeleteParam","Code":"dataId","Name":"单据内码","Description":"单据内码","ModelId":"string","ModelCode":null,"ModelName":"string","RefId":null,"RefCode":null,"RefName":null,"RefPath":null,"RefFileName":null,"ModelType":0,"In":"Path","IsRequired":true,"ListDeepth":0,"isCollection":false,"isRetVal":false,"isBasicType":true}],"ResourceOpId":"e51dfd8f-f107-48e0-8e64-c63867bcdcdd&^^&Delete","Transaction":false,"AssemblyInfo":null,"Extend1":"Basic","Extend2":null,"isDeprecated":false},{"Id":"e51dfd8f-f107-48e0-8e64-c63867bcdcdd&^^&DeleteAndSave","Code":"DeleteAndSave","Name":"删除商品活动并保存","Description":"删除指定的商品活动，并持久化到数据库。","HttpMethod":"PUT","Template":"/service/delete/{dataId}","Parameters":[{"Id":"e51dfd8f-f107-48e0-8e64-c63867bcdcdd&^^&RequestInfo","Code":"requestInfo","Name":"请求信息","Description":"请求信息","ModelId":"e51dfd8f-f107-48e0-8e64-c63867bcdcdd&^^&RequestInfo","ModelCode":"RequestInfo","ModelName":"RequestInfo","RefId":"e51dfd8f-f107-48e0-8e64-c63867bcdcdd&^^&RequestInfo","RefCode":"RequestInfo","RefName":"RequestInfo","RefPath":null,"RefFileName":null,"ModelType":1,"In":"Body","IsRequired":false,"ListDeepth":0,"isCollection":false,"isRetVal":false,"isBasicType":false},{"Id":"e51dfd8f-f107-48e0-8e64-c63867bcdcdd&^^&DeleteParam","Code":"dataId","Name":"单据内码","Description":"单据内码","ModelId":"string","ModelCode":null,"ModelName":"string","RefId":null,"RefCode":null,"RefName":null,"RefPath":null,"RefFileName":null,"ModelType":0,"In":"Path","IsRequired":true,"ListDeepth":0,"isCollection":false,"isRetVal":false,"isBasicType":true},{"Id":"e51dfd8f-f107-48e0-8e64-c63867bcdcdd&^^&ResponseInfo","Code":"responseInfo","Name":"响应信息","Description":"响应信息","ModelId":"e51dfd8f-f107-48e0-8e64-c63867bcdcdd&^^&ResponseInfo","ModelCode":"ResponseInfo","ModelName":"ResponseInfo","RefId":"e51dfd8f-f107-48e0-8e64-c63867bcdcdd&^^&ResponseInfo","RefCode":"ResponseInfo","RefName":"ResponseInfo","RefPath":null,"RefFileName":null,"ModelType":1,"In":"","IsRequired":true,"ListDeepth":0,"isCollection":false,"isRetVal":true,"isBasicType":false}],"ResourceOpId":"e51dfd8f-f107-48e0-8e64-c63867bcdcdd&^^&DeleteAndSave","Transaction":false,"AssemblyInfo":null,"Extend1":"Basic","Extend2":null,"isDeprecated":false},{"Id":"e51dfd8f-f107-48e0-8e64-c63867bcdcdd&^^&BatchDelete","Code":"BatchDelete","Name":"批量删除商品活动","Description":"批量删除指定的商品活动，该操作仅在当前业务上下文中删除，并不会持久化到数据库。后续需调用”保存“操作进行持久化，如需要立即持久化，请调用”批量删除商品活动并保存“操作。","HttpMethod":"DELETE","Template":"","Parameters":[{"Id":"e51dfd8f-f107-48e0-8e64-c63867bcdcdd&^^&BatchDeleteParam","Code":"ids","Name":"单据内码列表","Description":"单据内码列表","ModelId":"string","ModelCode":null,"ModelName":"string","RefId":null,"RefCode":null,"RefName":null,"RefPath":null,"RefFileName":null,"ModelType":0,"In":"Query","IsRequired":true,"ListDeepth":0,"isCollection":false,"isRetVal":false,"isBasicType":true}],"ResourceOpId":"e51dfd8f-f107-48e0-8e64-c63867bcdcdd&^^&BatchDelete","Transaction":false,"AssemblyInfo":null,"Extend1":"Basic","Extend2":null,"isDeprecated":true},{"Id":"e51dfd8f-f107-48e0-8e64-c63867bcdcdd&^^&BatchDeleteAndSave","Code":"BatchDeleteAndSave","Name":"批量删除商品活动并保存","Description":"批量删除指定的商品活动，并持久化到数据库。","HttpMethod":"POST","Template":"/batchdeleteandsave","Parameters":[{"Id":"e51dfd8f-f107-48e0-8e64-c63867bcdcdd&^^&RequestInfo","Code":"requestInfo","Name":"请求信息","Description":"请求信息","ModelId":"e51dfd8f-f107-48e0-8e64-c63867bcdcdd&^^&RequestInfo","ModelCode":"RequestInfo","ModelName":"RequestInfo","RefId":"e51dfd8f-f107-48e0-8e64-c63867bcdcdd&^^&RequestInfo","RefCode":"RequestInfo","RefName":"RequestInfo","RefPath":null,"RefFileName":null,"ModelType":1,"In":"Body","IsRequired":false,"ListDeepth":0,"isCollection":false,"isRetVal":false,"isBasicType":false},{"Id":"e51dfd8f-f107-48e0-8e64-c63867bcdcdd&^^&IdsParam","Code":"ids","Name":"单据内码列表","Description":"批量删除的单据内码列表","ModelId":"string","ModelCode":null,"ModelName":"string","RefId":null,"RefCode":null,"RefName":null,"RefPath":null,"RefFileName":null,"ModelType":0,"In":"Body","IsRequired":true,"ListDeepth":1,"isCollection":true,"isRetVal":false,"isBasicType":true},{"Id":"e51dfd8f-f107-48e0-8e64-c63867bcdcdd&^^&ResponseInfo","Code":"responseInfo","Name":"响应信息","Description":"响应信息","ModelId":"e51dfd8f-f107-48e0-8e64-c63867bcdcdd&^^&ResponseInfo","ModelCode":"ResponseInfo","ModelName":"ResponseInfo","RefId":"e51dfd8f-f107-48e0-8e64-c63867bcdcdd&^^&ResponseInfo","RefCode":"ResponseInfo","RefName":"ResponseInfo","RefPath":null,"RefFileName":null,"ModelType":1,"In":"","IsRequired":true,"ListDeepth":0,"isCollection":false,"isRetVal":true,"isBasicType":false}],"ResourceOpId":"e51dfd8f-f107-48e0-8e64-c63867bcdcdd&^^&BatchDeleteAndSave","Transaction":false,"AssemblyInfo":null,"Extend1":"Basic","Extend2":null,"isDeprecated":false},{"Id":"e51dfd8f-f107-48e0-8e64-c63867bcdcdd&^^&Update","Code":"Update","Name":"更新商品活动","Description":"通过变更集更新商品活动。","HttpMethod":"PATCH","Template":"","Parameters":[{"Id":"e51dfd8f-f107-48e0-8e64-c63867bcdcdd&^^&RequestInfo","Code":"requestInfo","Name":"请求信息","Description":"请求信息","ModelId":"e51dfd8f-f107-48e0-8e64-c63867bcdcdd&^^&RequestInfo","ModelCode":"RequestInfo","ModelName":"RequestInfo","RefId":"e51dfd8f-f107-48e0-8e64-c63867bcdcdd&^^&RequestInfo","RefCode":"RequestInfo","RefName":"RequestInfo","RefPath":null,"RefFileName":null,"ModelType":1,"In":"Body","IsRequired":false,"ListDeepth":0,"isCollection":false,"isRetVal":false,"isBasicType":false},{"Id":"e51dfd8f-f107-48e0-8e64-c63867bcdcdd&^^&UpdateParam","Code":"changeDetail","Name":"数据变更集","Description":"数据变更集","ModelId":"e51dfd8f-f107-48e0-8e64-c63867bcdcdd&^^&ChangeDetail","ModelCode":"ChangeDetail","ModelName":"ChangeDetail","RefId":"e51dfd8f-f107-48e0-8e64-c63867bcdcdd&^^&ChangeDetail","RefCode":"ChangeDetail","RefName":"ChangeDetail","RefPath":null,"RefFileName":null,"ModelType":1,"In":"Body","IsRequired":true,"ListDeepth":0,"isCollection":false,"isRetVal":false,"isBasicType":false},{"Id":"e51dfd8f-f107-48e0-8e64-c63867bcdcdd&^^&ResponseInfo","Code":"responseInfo","Name":"响应信息","Description":"响应信息","ModelId":"e51dfd8f-f107-48e0-8e64-c63867bcdcdd&^^&ResponseInfo","ModelCode":"ResponseInfo","ModelName":"ResponseInfo","RefId":"e51dfd8f-f107-48e0-8e64-c63867bcdcdd&^^&ResponseInfo","RefCode":"ResponseInfo","RefName":"ResponseInfo","RefPath":null,"RefFileName":null,"ModelType":1,"In":"","IsRequired":true,"ListDeepth":0,"isCollection":false,"isRetVal":true,"isBasicType":false}],"ResourceOpId":"e51dfd8f-f107-48e0-8e64-c63867bcdcdd&^^&Update","Transaction":false,"AssemblyInfo":null,"Extend1":"Basic","Extend2":null,"isDeprecated":false},{"Id":"e51dfd8f-f107-48e0-8e64-c63867bcdcdd&^^&Retrieve","Code":"Retrieve","Name":"检索商品活动","Description":"检索指定的商品活动，返回结果中包含商品活动的所有子表数据。","HttpMethod":"GET","Template":"/{dataId}","Parameters":[{"Id":"e51dfd8f-f107-48e0-8e64-c63867bcdcdd&^^&RetrieveParam","Code":"dataId","Name":"单据内码","Description":"单据内码","ModelId":"string","ModelCode":null,"ModelName":"string","RefId":null,"RefCode":null,"RefName":null,"RefPath":null,"RefFileName":null,"ModelType":0,"In":"Path","IsRequired":true,"ListDeepth":0,"isCollection":false,"isRetVal":false,"isBasicType":true},{"Id":"e51dfd8f-f107-48e0-8e64-c63867bcdcdd&^^&RetrieveParam1","Code":"GActivity","Name":"商品活动","Description":"实体模型","ModelId":"e51dfd8f-f107-48e0-8e64-c63867bcdcdd","ModelCode":"GOODSACTIVITY_frm","ModelName":"商品活动_frm","RefId":"2c6f5f20-a0c8-4202-afc9-db8abe50e540","RefCode":"GActivity","RefName":"商品活动","RefPath":null,"RefFileName":null,"ModelType":0,"In":"","IsRequired":true,"ListDeepth":0,"isCollection":false,"isRetVal":true,"isBasicType":false}],"ResourceOpId":"e51dfd8f-f107-48e0-8e64-c63867bcdcdd&^^&Retrieve","Transaction":false,"AssemblyInfo":null,"Extend1":"Basic","Extend2":null,"isDeprecated":false},{"Id":"e51dfd8f-f107-48e0-8e64-c63867bcdcdd&^^&RetrieveWithChildPagination","Code":"RetrieveWithChildPagination","Name":"检索商品活动（支持子表分页）","Description":"检索指定的商品活动，可对指定子表进行分页。","HttpMethod":"PUT","Template":"/service/retrieve/{dataId}","Parameters":[{"Id":"e51dfd8f-f107-48e0-8e64-c63867bcdcdd&^^&RequestInfo","Code":"requestInfo","Name":"请求信息","Description":"请求信息","ModelId":"e51dfd8f-f107-48e0-8e64-c63867bcdcdd&^^&RequestInfo","ModelCode":"RequestInfo","ModelName":"RequestInfo","RefId":"e51dfd8f-f107-48e0-8e64-c63867bcdcdd&^^&RequestInfo","RefCode":"RequestInfo","RefName":"RequestInfo","RefPath":null,"RefFileName":null,"ModelType":1,"In":"Body","IsRequired":false,"ListDeepth":0,"isCollection":false,"isRetVal":false,"isBasicType":false},{"Id":"e51dfd8f-f107-48e0-8e64-c63867bcdcdd&^^&dataId","Code":"dataId","Name":"单据内码","Description":"单据内码","ModelId":"string","ModelCode":null,"ModelName":"string","RefId":null,"RefCode":null,"RefName":null,"RefPath":null,"RefFileName":null,"ModelType":0,"In":"Path","IsRequired":true,"ListDeepth":0,"isCollection":false,"isRetVal":false,"isBasicType":true},{"Id":"e51dfd8f-f107-48e0-8e64-c63867bcdcdd&^^&retrieveParam","Code":"retrieveParam","Name":"查询参数","Description":"查询参数","ModelId":"e51dfd8f-f107-48e0-8e64-c63867bcdcdd&^^&RetrieveParam","ModelCode":"RetrieveParam","ModelName":"RetrieveParam","RefId":"e51dfd8f-f107-48e0-8e64-c63867bcdcdd&^^&RetrieveParam","RefCode":"RetrieveParam","RefName":"RetrieveParam","RefPath":null,"RefFileName":null,"ModelType":1,"In":"Body","IsRequired":true,"ListDeepth":0,"isCollection":false,"isRetVal":false,"isBasicType":false},{"Id":"e51dfd8f-f107-48e0-8e64-c63867bcdcdd&^^&ResponseInfo","Code":"responseInfo","Name":"响应信息","Description":"响应信息","ModelId":"e51dfd8f-f107-48e0-8e64-c63867bcdcdd&^^&ResponseInfo","ModelCode":"ResponseInfo","ModelName":"ResponseInfo","RefId":"e51dfd8f-f107-48e0-8e64-c63867bcdcdd&^^&ResponseInfo","RefCode":"ResponseInfo","RefName":"ResponseInfo","RefPath":null,"RefFileName":null,"ModelType":1,"In":"","IsRequired":true,"ListDeepth":0,"isCollection":false,"isRetVal":true,"isBasicType":false}],"ResourceOpId":"e51dfd8f-f107-48e0-8e64-c63867bcdcdd&^^&RetrieveWithChildPagination","Transaction":false,"AssemblyInfo":null,"Extend1":"Basic","Extend2":null,"isDeprecated":false},{"Id":"e51dfd8f-f107-48e0-8e64-c63867bcdcdd&^^&QueryChild","Code":"QueryChild","Name":"查询商品活动特定子表的数据","Description":"查询指定的商品活动下特定子表的数据。可对指定子表进行过滤、排序、分页。","HttpMethod":"PUT","Template":"/service/querychild","Parameters":[{"Id":"e51dfd8f-f107-48e0-8e64-c63867bcdcdd&^^&RequestInfo","Code":"requestInfo","Name":"请求信息","Description":"请求信息","ModelId":"e51dfd8f-f107-48e0-8e64-c63867bcdcdd&^^&RequestInfo","ModelCode":"RequestInfo","ModelName":"RequestInfo","RefId":"e51dfd8f-f107-48e0-8e64-c63867bcdcdd&^^&RequestInfo","RefCode":"RequestInfo","RefName":"RequestInfo","RefPath":null,"RefFileName":null,"ModelType":1,"In":"Body","IsRequired":false,"ListDeepth":0,"isCollection":false,"isRetVal":false,"isBasicType":false},{"Id":"e51dfd8f-f107-48e0-8e64-c63867bcdcdd&^^&nodeCodes","Code":"nodeCodes","Name":"节点编号列表","Description":"节点编号列表","ModelId":"string","ModelCode":null,"ModelName":"string","RefId":null,"RefCode":null,"RefName":null,"RefPath":null,"RefFileName":null,"ModelType":0,"In":"Body","IsRequired":true,"ListDeepth":1,"isCollection":true,"isRetVal":false,"isBasicType":true},{"Id":"e51dfd8f-f107-48e0-8e64-c63867bcdcdd&^^&ids","Code":"ids","Name":"内码列表","Description":"内码列表","ModelId":"string","ModelCode":null,"ModelName":"string","RefId":null,"RefCode":null,"RefName":null,"RefPath":null,"RefFileName":null,"ModelType":0,"In":"Body","IsRequired":true,"ListDeepth":1,"isCollection":true,"isRetVal":false,"isBasicType":true},{"Id":"e51dfd8f-f107-48e0-8e64-c63867bcdcdd&^^&pagination","Code":"pagination","Name":"分页信息","Description":"分页信息","ModelId":"e51dfd8f-f107-48e0-8e64-c63867bcdcdd&^^&Pagination","ModelCode":"Pagination","ModelName":"Pagination","RefId":"e51dfd8f-f107-48e0-8e64-c63867bcdcdd&^^&Pagination","RefCode":"Pagination","RefName":"Pagination","RefPath":null,"RefFileName":null,"ModelType":1,"In":"Body","IsRequired":true,"ListDeepth":0,"isCollection":false,"isRetVal":false,"isBasicType":false},{"Id":"e51dfd8f-f107-48e0-8e64-c63867bcdcdd&^^&ResponseInfo","Code":"responseInfo","Name":"响应信息","Description":"响应信息","ModelId":"e51dfd8f-f107-48e0-8e64-c63867bcdcdd&^^&ResponseInfo","ModelCode":"ResponseInfo","ModelName":"ResponseInfo","RefId":"e51dfd8f-f107-48e0-8e64-c63867bcdcdd&^^&ResponseInfo","RefCode":"ResponseInfo","RefName":"ResponseInfo","RefPath":null,"RefFileName":null,"ModelType":1,"In":"","IsRequired":true,"ListDeepth":0,"isCollection":false,"isRetVal":true,"isBasicType":false}],"ResourceOpId":"e51dfd8f-f107-48e0-8e64-c63867bcdcdd&^^&QueryChild","Transaction":false,"AssemblyInfo":null,"Extend1":"Basic","Extend2":null,"isDeprecated":false},{"Id":"e51dfd8f-f107-48e0-8e64-c63867bcdcdd&^^&Query","Code":"Query","Name":"查询商品活动","Description":"查询商品活动，可指定查询过滤条件、排序字段、设置分页。","HttpMethod":"GET","Template":"","Parameters":[{"Id":"e51dfd8f-f107-48e0-8e64-c63867bcdcdd&^^&EntityFilterParam","Code":"entityFilter","Name":"过滤条件","Description":"过滤条件","ModelId":"string","ModelCode":null,"ModelName":"string","RefId":null,"RefCode":null,"RefName":null,"RefPath":null,"RefFileName":null,"ModelType":0,"In":"Query","IsRequired":true,"ListDeepth":0,"isCollection":false,"isRetVal":false,"isBasicType":true},{"Id":"e51dfd8f-f107-48e0-8e64-c63867bcdcdd&^^&QueryParam","Code":"GActivity","Name":"商品活动","Description":"实体模型","ModelId":"e51dfd8f-f107-48e0-8e64-c63867bcdcdd","ModelCode":"GOODSACTIVITY_frm","ModelName":"商品活动_frm","RefId":"2c6f5f20-a0c8-4202-afc9-db8abe50e540","RefCode":"GActivity","RefName":"商品活动","RefPath":null,"RefFileName":null,"ModelType":0,"In":"","IsRequired":true,"ListDeepth":1,"isCollection":true,"isRetVal":true,"isBasicType":false}],"ResourceOpId":"e51dfd8f-f107-48e0-8e64-c63867bcdcdd&^^&Query","Transaction":false,"AssemblyInfo":null,"Extend1":"Basic","Extend2":null,"isDeprecated":true},{"Id":"e51dfd8f-f107-48e0-8e64-c63867bcdcdd&^^&Save","Code":"Save","Name":"保存","Description":"将当前业务上下文内所有修改的数据持久化到数据库。","HttpMethod":"PUT","Template":"","Parameters":[{"Id":"e51dfd8f-f107-48e0-8e64-c63867bcdcdd&^^&RequestInfo","Code":"requestInfo","Name":"请求信息","Description":"请求信息","ModelId":"e51dfd8f-f107-48e0-8e64-c63867bcdcdd&^^&RequestInfo","ModelCode":"RequestInfo","ModelName":"RequestInfo","RefId":"e51dfd8f-f107-48e0-8e64-c63867bcdcdd&^^&RequestInfo","RefCode":"RequestInfo","RefName":"RequestInfo","RefPath":null,"RefFileName":null,"ModelType":1,"In":"Body","IsRequired":false,"ListDeepth":0,"isCollection":false,"isRetVal":false,"isBasicType":false},{"Id":"e51dfd8f-f107-48e0-8e64-c63867bcdcdd&^^&ResponseInfo","Code":"responseInfo","Name":"响应信息","Description":"响应信息","ModelId":"e51dfd8f-f107-48e0-8e64-c63867bcdcdd&^^&ResponseInfo","ModelCode":"ResponseInfo","ModelName":"ResponseInfo","RefId":"e51dfd8f-f107-48e0-8e64-c63867bcdcdd&^^&ResponseInfo","RefCode":"ResponseInfo","RefName":"ResponseInfo","RefPath":null,"RefFileName":null,"ModelType":1,"In":"","IsRequired":true,"ListDeepth":0,"isCollection":false,"isRetVal":true,"isBasicType":false}],"ResourceOpId":"e51dfd8f-f107-48e0-8e64-c63867bcdcdd&^^&Save","Transaction":false,"AssemblyInfo":null,"Extend1":"Basic","Extend2":null,"isDeprecated":false},{"Id":"e51dfd8f-f107-48e0-8e64-c63867bcdcdd&^^&Cancel","Code":"Cancel","Name":"取消","Description":"取消所有数据的修改，此操作会将修改过程中锁定的数据解锁。","HttpMethod":"POST","Template":"service/cancel","Parameters":null,"ResourceOpId":"e51dfd8f-f107-48e0-8e64-c63867bcdcdd&^^&Cancel","Transaction":false,"AssemblyInfo":null,"Extend1":"Basic","Extend2":null,"isDeprecated":false},{"Id":"e51dfd8f-f107-48e0-8e64-c63867bcdcdd&^^&HasChanges","Code":"HasChanges","Name":"检查变更","Description":"检查当前业务上下文内是否存在未保存的变更","HttpMethod":"PUT","Template":"haschanges","Parameters":[{"Id":"e51dfd8f-f107-48e0-8e64-c63867bcdcdd&^^&RequestInfo","Code":"requestInfo","Name":"请求信息","Description":"请求信息","ModelId":"e51dfd8f-f107-48e0-8e64-c63867bcdcdd&^^&RequestInfo","ModelCode":"RequestInfo","ModelName":"RequestInfo","RefId":"e51dfd8f-f107-48e0-8e64-c63867bcdcdd&^^&RequestInfo","RefCode":"RequestInfo","RefName":"RequestInfo","RefPath":null,"RefFileName":null,"ModelType":1,"In":"Body","IsRequired":false,"ListDeepth":0,"isCollection":false,"isRetVal":false,"isBasicType":false},{"Id":"e51dfd8f-f107-48e0-8e64-c63867bcdcdd&^^&ResponseInfo","Code":"responseInfo","Name":"响应信息","Description":"响应信息","ModelId":"e51dfd8f-f107-48e0-8e64-c63867bcdcdd&^^&ResponseInfo","ModelCode":"ResponseInfo","ModelName":"ResponseInfo","RefId":"e51dfd8f-f107-48e0-8e64-c63867bcdcdd&^^&ResponseInfo","RefCode":"ResponseInfo","RefName":"ResponseInfo","RefPath":null,"RefFileName":null,"ModelType":1,"In":"","IsRequired":true,"ListDeepth":0,"isCollection":false,"isRetVal":true,"isBasicType":false}],"ResourceOpId":"e51dfd8f-f107-48e0-8e64-c63867bcdcdd&^^&HasChanges","Transaction":false,"AssemblyInfo":null,"Extend1":"Basic","Extend2":null,"isDeprecated":false},{"Id":"e51dfd8f-f107-48e0-8e64-c63867bcdcdd&^^&ElementHelp","Code":"GetElementHelp","Name":"获取字段帮助数据","Description":"获取指定帮助字段的帮助数据，支持商品活动及其子表的所有帮助字段的帮助数据。如果查询条件较长，建议使用”获取字段帮助数据“操作。","HttpMethod":"GET","Template":"elementhelps/{labelId}","Parameters":[{"Id":"e51dfd8f-f107-48e0-8e64-c63867bcdcdd&^^&labelIdParam","Code":"labelId","Name":"标签Id","Description":"标签内码","ModelId":"string","ModelCode":null,"ModelName":"string","RefId":null,"RefCode":null,"RefName":null,"RefPath":null,"RefFileName":null,"ModelType":0,"In":"Path","IsRequired":true,"ListDeepth":0,"isCollection":false,"isRetVal":false,"isBasicType":true},{"Id":"e51dfd8f-f107-48e0-8e64-c63867bcdcdd&^^&nodeCodeParam","Code":"nodeCode","Name":"节点编号","Description":"节点编号","ModelId":"string","ModelCode":null,"ModelName":"string","RefId":null,"RefCode":null,"RefName":null,"RefPath":null,"RefFileName":null,"ModelType":0,"In":"Query","IsRequired":true,"ListDeepth":0,"isCollection":false,"isRetVal":false,"isBasicType":true},{"Id":"e51dfd8f-f107-48e0-8e64-c63867bcdcdd&^^&queryParam","Code":"queryParam","Name":"查询参数","Description":"查询参数","ModelId":"string","ModelCode":null,"ModelName":"string","RefId":null,"RefCode":null,"RefName":null,"RefPath":null,"RefFileName":null,"ModelType":0,"In":"Query","IsRequired":true,"ListDeepth":0,"isCollection":false,"isRetVal":false,"isBasicType":true},{"Id":"e51dfd8f-f107-48e0-8e64-c63867bcdcdd&^^&ElementHelpRetParam","Code":"return","Name":"返回值","Description":"返回值","ModelId":"e51dfd8f-f107-48e0-8e64-c63867bcdcdd&^^&LookupResult","ModelCode":"LookupResult","ModelName":"LookupResult","RefId":"e51dfd8f-f107-48e0-8e64-c63867bcdcdd&^^&LookupResult","RefCode":"LookupResult","RefName":"LookupResult","RefPath":null,"RefFileName":null,"ModelType":1,"In":"","IsRequired":true,"ListDeepth":0,"isCollection":false,"isRetVal":true,"isBasicType":false}],"ResourceOpId":"e51dfd8f-f107-48e0-8e64-c63867bcdcdd&^^&ElementHelp","Transaction":false,"AssemblyInfo":null,"Extend1":"Basic","Extend2":null,"isDeprecated":true},{"Id":"e51dfd8f-f107-48e0-8e64-c63867bcdcdd&^^&Extend_Delete","Code":"Extend_Delete","Name":"删除商品活动","Description":"删除指定的商品活动。该操作仅在当前业务上下文中删除，并不会持久化到数据库。后续需调用”保存“操作进行持久化，如需要立即持久化，请调用”删除商品活动并保存“操作。也可通过变更集，在删除过程中修改其他数据，并返回删除过程中产生的其他变更。","HttpMethod":"PUT","Template":"/extension/delete/{dataId}","Parameters":[{"Id":"e51dfd8f-f107-48e0-8e64-c63867bcdcdd&^^&RequestInfo","Code":"requestInfo","Name":"请求信息","Description":"请求信息","ModelId":"e51dfd8f-f107-48e0-8e64-c63867bcdcdd&^^&RequestInfo","ModelCode":"RequestInfo","ModelName":"RequestInfo","RefId":"e51dfd8f-f107-48e0-8e64-c63867bcdcdd&^^&RequestInfo","RefCode":"RequestInfo","RefName":"RequestInfo","RefPath":null,"RefFileName":null,"ModelType":1,"In":"Body","IsRequired":false,"ListDeepth":0,"isCollection":false,"isRetVal":false,"isBasicType":false},{"Id":"e51dfd8f-f107-48e0-8e64-c63867bcdcdd&^^&DeleteParam","Code":"dataId","Name":"单据内码","Description":"单据内码","ModelId":"string","ModelCode":null,"ModelName":"string","RefId":null,"RefCode":null,"RefName":null,"RefPath":null,"RefFileName":null,"ModelType":0,"In":"Path","IsRequired":false,"ListDeepth":0,"isCollection":false,"isRetVal":false,"isBasicType":true},{"Id":"e51dfd8f-f107-48e0-8e64-c63867bcdcdd&^^&ResponseInfo","Code":"responseInfo","Name":"响应信息","Description":"响应信息","ModelId":"e51dfd8f-f107-48e0-8e64-c63867bcdcdd&^^&ResponseInfo","ModelCode":"ResponseInfo","ModelName":"ResponseInfo","RefId":"e51dfd8f-f107-48e0-8e64-c63867bcdcdd&^^&ResponseInfo","RefCode":"ResponseInfo","RefName":"ResponseInfo","RefPath":null,"RefFileName":null,"ModelType":1,"In":"","IsRequired":true,"ListDeepth":0,"isCollection":false,"isRetVal":true,"isBasicType":false}],"ResourceOpId":"e51dfd8f-f107-48e0-8e64-c63867bcdcdd&^^&Extend_Delete","Transaction":false,"AssemblyInfo":null,"Extend1":"Basic","Extend2":null,"isDeprecated":false},{"Id":"e51dfd8f-f107-48e0-8e64-c63867bcdcdd&^^&Extend_BatchDelete","Code":"Extend_BatchDelete","Name":"批量删除商品活动","Description":"批量删除指定的商品活动，如删除数据较多，建议使用”批量删除商品活动“操作。","HttpMethod":"PUT","Template":"/extension/batchdelete","Parameters":[{"Id":"e51dfd8f-f107-48e0-8e64-c63867bcdcdd&^^&RequestInfo","Code":"requestInfo","Name":"请求信息","Description":"请求信息","ModelId":"e51dfd8f-f107-48e0-8e64-c63867bcdcdd&^^&RequestInfo","ModelCode":"RequestInfo","ModelName":"RequestInfo","RefId":"e51dfd8f-f107-48e0-8e64-c63867bcdcdd&^^&RequestInfo","RefCode":"RequestInfo","RefName":"RequestInfo","RefPath":null,"RefFileName":null,"ModelType":1,"In":"Body","IsRequired":false,"ListDeepth":0,"isCollection":false,"isRetVal":false,"isBasicType":false},{"Id":"e51dfd8f-f107-48e0-8e64-c63867bcdcdd&^^&BatchDeleteParam","Code":"ids","Name":"单据内码列表","Description":"单据内码列表","ModelId":"string","ModelCode":null,"ModelName":"string","RefId":null,"RefCode":null,"RefName":null,"RefPath":null,"RefFileName":null,"ModelType":0,"In":"Query","IsRequired":true,"ListDeepth":0,"isCollection":false,"isRetVal":false,"isBasicType":true},{"Id":"e51dfd8f-f107-48e0-8e64-c63867bcdcdd&^^&ResponseInfo","Code":"responseInfo","Name":"响应信息","Description":"响应信息","ModelId":"e51dfd8f-f107-48e0-8e64-c63867bcdcdd&^^&ResponseInfo","ModelCode":"ResponseInfo","ModelName":"ResponseInfo","RefId":"e51dfd8f-f107-48e0-8e64-c63867bcdcdd&^^&ResponseInfo","RefCode":"ResponseInfo","RefName":"ResponseInfo","RefPath":null,"RefFileName":null,"ModelType":1,"In":"","IsRequired":true,"ListDeepth":0,"isCollection":false,"isRetVal":true,"isBasicType":false}],"ResourceOpId":"e51dfd8f-f107-48e0-8e64-c63867bcdcdd&^^&Extend_BatchDelete","Transaction":false,"AssemblyInfo":null,"Extend1":"Basic","Extend2":null,"isDeprecated":true},{"Id":"e51dfd8f-f107-48e0-8e64-c63867bcdcdd&^^&Extension_BatchDeletion","Code":"Extension_BatchDeletion","Name":"批量删除商品活动","Description":"批量删除指定的商品活动，该操作仅在当前业务上下文中删除，并不会持久化到数据库。后续需调用”保存“操作进行持久化，如需要立即持久化，请调用”批量删除商品活动并保存“操作。可在删除过程中，修改其他数据，并返回删除过程中产生的其他变更。","HttpMethod":"PUT","Template":"/extension/batchdeletion","Parameters":[{"Id":"e51dfd8f-f107-48e0-8e64-c63867bcdcdd&^^&RequestInfo","Code":"requestInfo","Name":"请求信息","Description":"请求信息","ModelId":"e51dfd8f-f107-48e0-8e64-c63867bcdcdd&^^&RequestInfo","ModelCode":"RequestInfo","ModelName":"RequestInfo","RefId":"e51dfd8f-f107-48e0-8e64-c63867bcdcdd&^^&RequestInfo","RefCode":"RequestInfo","RefName":"RequestInfo","RefPath":null,"RefFileName":null,"ModelType":1,"In":"Body","IsRequired":false,"ListDeepth":0,"isCollection":false,"isRetVal":false,"isBasicType":false},{"Id":"e51dfd8f-f107-48e0-8e64-c63867bcdcdd&^^&Ids","Code":"ids","Name":"单据内码集合","Description":"批量删除的内码集合","ModelId":"string","ModelCode":null,"ModelName":"string","RefId":null,"RefCode":null,"RefName":null,"RefPath":null,"RefFileName":null,"ModelType":0,"In":"Body","IsRequired":true,"ListDeepth":1,"isCollection":true,"isRetVal":false,"isBasicType":true},{"Id":"e51dfd8f-f107-48e0-8e64-c63867bcdcdd&^^&ResponseInfo","Code":"responseInfo","Name":"响应信息","Description":"响应信息","ModelId":"e51dfd8f-f107-48e0-8e64-c63867bcdcdd&^^&ResponseInfo","ModelCode":"ResponseInfo","ModelName":"ResponseInfo","RefId":"e51dfd8f-f107-48e0-8e64-c63867bcdcdd&^^&ResponseInfo","RefCode":"ResponseInfo","RefName":"ResponseInfo","RefPath":null,"RefFileName":null,"ModelType":1,"In":"","IsRequired":true,"ListDeepth":0,"isCollection":false,"isRetVal":true,"isBasicType":false}],"ResourceOpId":"e51dfd8f-f107-48e0-8e64-c63867bcdcdd&^^&Extension_BatchDeletion","Transaction":false,"AssemblyInfo":null,"Extend1":"Basic","Extend2":null,"isDeprecated":false},{"Id":"e51dfd8f-f107-48e0-8e64-c63867bcdcdd&^^&Extend_Retrieve","Code":"Extend_Retrieve","Name":"检索商品活动","Description":"检索指定的商品活动，返回结果中包含商品活动的所有子表数据。也可通过变更集，在删除过程中修改其他数据，并返回删除过程中产生的其他变更。","HttpMethod":"PUT","Template":"/extension/retrieve/{dataId}","Parameters":[{"Id":"e51dfd8f-f107-48e0-8e64-c63867bcdcdd&^^&RequestInfo","Code":"requestInfo","Name":"请求信息","Description":"请求信息","ModelId":"e51dfd8f-f107-48e0-8e64-c63867bcdcdd&^^&RequestInfo","ModelCode":"RequestInfo","ModelName":"RequestInfo","RefId":"e51dfd8f-f107-48e0-8e64-c63867bcdcdd&^^&RequestInfo","RefCode":"RequestInfo","RefName":"RequestInfo","RefPath":null,"RefFileName":null,"ModelType":1,"In":"Body","IsRequired":false,"ListDeepth":0,"isCollection":false,"isRetVal":false,"isBasicType":false},{"Id":"e51dfd8f-f107-48e0-8e64-c63867bcdcdd&^^&RetrieveParam","Code":"dataId","Name":"单据内码","Description":"单据内码","ModelId":"string","ModelCode":null,"ModelName":"string","RefId":null,"RefCode":null,"RefName":null,"RefPath":null,"RefFileName":null,"ModelType":0,"In":"Path","IsRequired":true,"ListDeepth":0,"isCollection":false,"isRetVal":false,"isBasicType":true},{"Id":"e51dfd8f-f107-48e0-8e64-c63867bcdcdd&^^&ResponseInfo","Code":"responseInfo","Name":"响应信息","Description":"响应信息","ModelId":"e51dfd8f-f107-48e0-8e64-c63867bcdcdd&^^&ResponseInfo","ModelCode":"ResponseInfo","ModelName":"ResponseInfo","RefId":"e51dfd8f-f107-48e0-8e64-c63867bcdcdd&^^&ResponseInfo","RefCode":"ResponseInfo","RefName":"ResponseInfo","RefPath":null,"RefFileName":null,"ModelType":1,"In":"","IsRequired":true,"ListDeepth":0,"isCollection":false,"isRetVal":true,"isBasicType":false}],"ResourceOpId":"e51dfd8f-f107-48e0-8e64-c63867bcdcdd&^^&Extend_Retrieve","Transaction":false,"AssemblyInfo":null,"Extend1":"Basic","Extend2":null,"isDeprecated":false},{"Id":"e51dfd8f-f107-48e0-8e64-c63867bcdcdd&^^&Extend_Query","Code":"Extend_Query","Name":"查询商品活动","Description":"按照查询条件查询商品活动。如果查询条件较长，建议使用”查询商品活动“操作。","HttpMethod":"PUT","Template":"/extension/query","Parameters":[{"Id":"e51dfd8f-f107-48e0-8e64-c63867bcdcdd&^^&RequestInfo","Code":"requestInfo","Name":"请求信息","Description":"请求信息","ModelId":"e51dfd8f-f107-48e0-8e64-c63867bcdcdd&^^&RequestInfo","ModelCode":"RequestInfo","ModelName":"RequestInfo","RefId":"e51dfd8f-f107-48e0-8e64-c63867bcdcdd&^^&RequestInfo","RefCode":"RequestInfo","RefName":"RequestInfo","RefPath":null,"RefFileName":null,"ModelType":1,"In":"Body","IsRequired":false,"ListDeepth":0,"isCollection":false,"isRetVal":false,"isBasicType":false},{"Id":"e51dfd8f-f107-48e0-8e64-c63867bcdcdd&^^&EntityFilterParam","Code":"entityFilter","Name":"过滤条件","Description":"过滤条件","ModelId":"string","ModelCode":null,"ModelName":"string","RefId":null,"RefCode":null,"RefName":null,"RefPath":null,"RefFileName":null,"ModelType":0,"In":"Query","IsRequired":false,"ListDeepth":0,"isCollection":false,"isRetVal":false,"isBasicType":true},{"Id":"e51dfd8f-f107-48e0-8e64-c63867bcdcdd&^^&ResponseInfo","Code":"responseInfo","Name":"响应信息","Description":"响应信息","ModelId":"e51dfd8f-f107-48e0-8e64-c63867bcdcdd&^^&ResponseInfo","ModelCode":"ResponseInfo","ModelName":"ResponseInfo","RefId":"e51dfd8f-f107-48e0-8e64-c63867bcdcdd&^^&ResponseInfo","RefCode":"ResponseInfo","RefName":"ResponseInfo","RefPath":null,"RefFileName":null,"ModelType":1,"In":"","IsRequired":true,"ListDeepth":0,"isCollection":false,"isRetVal":true,"isBasicType":false}],"ResourceOpId":"e51dfd8f-f107-48e0-8e64-c63867bcdcdd&^^&Extend_Query","Transaction":false,"AssemblyInfo":null,"Extend1":"Basic","Extend2":null,"isDeprecated":true},{"Id":"e51dfd8f-f107-48e0-8e64-c63867bcdcdd&^^&Extension_Filter","Code":"Extension_Filter","Name":"查询商品活动","Description":"按照查询条件查询商品活动，可指定查询过滤条件、排序字段、设置分页。也可通过变更集，在删除过程中修改其他数据，并返回删除过程中产生的其他变更。","HttpMethod":"POST","Template":"/extension/filter","Parameters":[{"Id":"e51dfd8f-f107-48e0-8e64-c63867bcdcdd&^^&RequestInfo","Code":"requestInfo","Name":"请求信息","Description":"请求信息","ModelId":"e51dfd8f-f107-48e0-8e64-c63867bcdcdd&^^&RequestInfo","ModelCode":"RequestInfo","ModelName":"RequestInfo","RefId":"e51dfd8f-f107-48e0-8e64-c63867bcdcdd&^^&RequestInfo","RefCode":"RequestInfo","RefName":"RequestInfo","RefPath":null,"RefFileName":null,"ModelType":1,"In":"Body","IsRequired":false,"ListDeepth":0,"isCollection":false,"isRetVal":false,"isBasicType":false},{"Id":"e51dfd8f-f107-48e0-8e64-c63867bcdcdd&^^&EntityFilter","Code":"entityFilter","Name":"过滤条件","Description":"过滤条件","ModelId":"e51dfd8f-f107-48e0-8e64-c63867bcdcdd&^^&EntityFilter","ModelCode":"EntityFilter","ModelName":"EntityFilter","RefId":"e51dfd8f-f107-48e0-8e64-c63867bcdcdd&^^&EntityFilter","RefCode":"EntityFilter","RefName":"EntityFilter","RefPath":null,"RefFileName":null,"ModelType":1,"In":"Body","IsRequired":false,"ListDeepth":0,"isCollection":false,"isRetVal":false,"isBasicType":false},{"Id":"e51dfd8f-f107-48e0-8e64-c63867bcdcdd&^^&ResponseInfo","Code":"responseInfo","Name":"响应信息","Description":"响应信息","ModelId":"e51dfd8f-f107-48e0-8e64-c63867bcdcdd&^^&ResponseInfo","ModelCode":"ResponseInfo","ModelName":"ResponseInfo","RefId":"e51dfd8f-f107-48e0-8e64-c63867bcdcdd&^^&ResponseInfo","RefCode":"ResponseInfo","RefName":"ResponseInfo","RefPath":null,"RefFileName":null,"ModelType":1,"In":"","IsRequired":true,"ListDeepth":0,"isCollection":false,"isRetVal":true,"isBasicType":false}],"ResourceOpId":"e51dfd8f-f107-48e0-8e64-c63867bcdcdd&^^&Extension_Filter","Transaction":false,"AssemblyInfo":null,"Extend1":"Basic","Extend2":null,"isDeprecated":false},{"Id":"e51dfd8f-f107-48e0-8e64-c63867bcdcdd&^^&Extend_ElementHelp","Code":"Extend_GetElementHelp","Name":"获取字段帮助数据","Description":"获取指定帮助字段的帮助数据，支持商品活动及其子表的所有帮助字段的帮助数据。也可通过变更集，在删除过程中修改其他数据，并返回删除过程中产生的其他变更。","HttpMethod":"PUT","Template":"/extension/elementhelps","Parameters":[{"Id":"e51dfd8f-f107-48e0-8e64-c63867bcdcdd&^^&RequestInfo","Code":"requestInfo","Name":"请求信息","Description":"请求信息","ModelId":"e51dfd8f-f107-48e0-8e64-c63867bcdcdd&^^&RequestInfo","ModelCode":"RequestInfo","ModelName":"RequestInfo","RefId":"e51dfd8f-f107-48e0-8e64-c63867bcdcdd&^^&RequestInfo","RefCode":"RequestInfo","RefName":"RequestInfo","RefPath":null,"RefFileName":null,"ModelType":1,"In":"Body","IsRequired":false,"ListDeepth":0,"isCollection":false,"isRetVal":false,"isBasicType":false},{"Id":"e51dfd8f-f107-48e0-8e64-c63867bcdcdd&^^&labelIdParam","Code":"labelId","Name":"标签Id","Description":"标签内码","ModelId":"string","ModelCode":null,"ModelName":"string","RefId":null,"RefCode":null,"RefName":null,"RefPath":null,"RefFileName":null,"ModelType":0,"In":"Body","IsRequired":true,"ListDeepth":0,"isCollection":false,"isRetVal":false,"isBasicType":true},{"Id":"e51dfd8f-f107-48e0-8e64-c63867bcdcdd&^^&nodeCodeParam","Code":"nodeCode","Name":"节点编号","Description":"节点编号","ModelId":"string","ModelCode":null,"ModelName":"string","RefId":null,"RefCode":null,"RefName":null,"RefPath":null,"RefFileName":null,"ModelType":0,"In":"Body","IsRequired":true,"ListDeepth":0,"isCollection":false,"isRetVal":false,"isBasicType":true},{"Id":"e51dfd8f-f107-48e0-8e64-c63867bcdcdd&^^&queryParam","Code":"queryParam","Name":"查询参数","Description":"查询参数","ModelId":"e51dfd8f-f107-48e0-8e64-c63867bcdcdd&^^&LookupQueryParam","ModelCode":"LookupQueryParam","ModelName":"LookupQueryParam","RefId":"e51dfd8f-f107-48e0-8e64-c63867bcdcdd&^^&LookupQueryParam","RefCode":"LookupQueryParam","RefName":"LookupQueryParam","RefPath":null,"RefFileName":null,"ModelType":1,"In":"Body","IsRequired":true,"ListDeepth":0,"isCollection":false,"isRetVal":false,"isBasicType":true},{"Id":"e51dfd8f-f107-48e0-8e64-c63867bcdcdd&^^&ResponseInfo","Code":"responseInfo","Name":"响应信息","Description":"响应信息","ModelId":"e51dfd8f-f107-48e0-8e64-c63867bcdcdd&^^&ResponseInfo","ModelCode":"ResponseInfo","ModelName":"ResponseInfo","RefId":"e51dfd8f-f107-48e0-8e64-c63867bcdcdd&^^&ResponseInfo","RefCode":"ResponseInfo","RefName":"ResponseInfo","RefPath":null,"RefFileName":null,"ModelType":1,"In":"","IsRequired":true,"ListDeepth":0,"isCollection":false,"isRetVal":true,"isBasicType":false}],"ResourceOpId":"e51dfd8f-f107-48e0-8e64-c63867bcdcdd&^^&Extend_ElementHelp","Transaction":false,"AssemblyInfo":null,"Extend1":"Basic","Extend2":null,"isDeprecated":false}],"Extension":null},"Models":[{"Id":"e51dfd8f-f107-48e0-8e64-c63867bcdcdd&^^&RequestInfo","Code":"RequestInfo","Name":"RequestInfo","ModelId":"e51dfd8f-f107-48e0-8e64-c63867bcdcdd&^^&RequestInfo","ModelCode":"RequestInfo","ModelName":"RequestInfo","RelativePath":null,"FileName":null,"ModelType":1},{"Id":"e51dfd8f-f107-48e0-8e64-c63867bcdcdd&^^&DefaultValue","Code":"DefaultValue","Name":"DefaultValue","ModelId":"e51dfd8f-f107-48e0-8e64-c63867bcdcdd&^^&DefaultValue","ModelCode":"DefaultValue","ModelName":"DefaultValue","RelativePath":null,"FileName":null,"ModelType":1},{"Id":"e51dfd8f-f107-48e0-8e64-c63867bcdcdd&^^&ResponseInfo","Code":"ResponseInfo","Name":"ResponseInfo","ModelId":"e51dfd8f-f107-48e0-8e64-c63867bcdcdd&^^&ResponseInfo","ModelCode":"ResponseInfo","ModelName":"ResponseInfo","RelativePath":null,"FileName":null,"ModelType":1},{"Id":"e51dfd8f-f107-48e0-8e64-c63867bcdcdd&^^&RetrieveDefaultParam","Code":"RetrieveDefaultParam","Name":"RetrieveDefaultParam","ModelId":"e51dfd8f-f107-48e0-8e64-c63867bcdcdd&^^&RetrieveDefaultParam","ModelCode":"RetrieveDefaultParam","ModelName":"RetrieveDefaultParam","RelativePath":null,"FileName":null,"ModelType":1},{"Id":"e51dfd8f-f107-48e0-8e64-c63867bcdcdd&^^&ChangeDetail","Code":"ChangeDetail","Name":"ChangeDetail","ModelId":"e51dfd8f-f107-48e0-8e64-c63867bcdcdd&^^&ChangeDetail","ModelCode":"ChangeDetail","ModelName":"ChangeDetail","RelativePath":null,"FileName":null,"ModelType":1},{"Id":"2c6f5f20-a0c8-4202-afc9-db8abe50e540","Code":"GActivity","Name":"商品活动","ModelId":"e51dfd8f-f107-48e0-8e64-c63867bcdcdd","ModelCode":"GOODSACTIVITY_frm","ModelName":"商品活动_frm","RelativePath":null,"FileName":null,"ModelType":0},{"Id":"e51dfd8f-f107-48e0-8e64-c63867bcdcdd&^^&RetrieveParam","Code":"RetrieveParam","Name":"RetrieveParam","ModelId":"e51dfd8f-f107-48e0-8e64-c63867bcdcdd&^^&RetrieveParam","ModelCode":"RetrieveParam","ModelName":"RetrieveParam","RelativePath":null,"FileName":null,"ModelType":1},{"Id":"e51dfd8f-f107-48e0-8e64-c63867bcdcdd&^^&Pagination","Code":"Pagination","Name":"Pagination","ModelId":"e51dfd8f-f107-48e0-8e64-c63867bcdcdd&^^&Pagination","ModelCode":"Pagination","ModelName":"Pagination","RelativePath":null,"FileName":null,"ModelType":1},{"Id":"e51dfd8f-f107-48e0-8e64-c63867bcdcdd&^^&LookupResult","Code":"LookupResult","Name":"LookupResult","ModelId":"e51dfd8f-f107-48e0-8e64-c63867bcdcdd&^^&LookupResult","ModelCode":"LookupResult","ModelName":"LookupResult","RelativePath":null,"FileName":null,"ModelType":1},{"Id":"e51dfd8f-f107-48e0-8e64-c63867bcdcdd&^^&EntityFilter","Code":"EntityFilter","Name":"EntityFilter","ModelId":"e51dfd8f-f107-48e0-8e64-c63867bcdcdd&^^&EntityFilter","ModelCode":"EntityFilter","ModelName":"EntityFilter","RelativePath":null,"FileName":null,"ModelType":1}],"Router":"/api/goodsdevelop/goods1/v1.0/goodsactivity_frm","EndPoint":"/goodsdevelop/goods1/v1.0/goodsactivity_frm"}]