{"TextBox/goods_Goods_GoodsName_5633b50f_4xbl/placeHolder":{"name":""},"root-component":{"name":""},"root-layout":{"name":""},"page-header":{"name":""},"header-nav":{"name":""},"header-title-container":{"name":""},"page-header-title":{"name":""},"title":{"name":"商品活动"},"page-header-toolbar":{"name":""},"button-add":{"name":"新增"},"button-edit":{"name":"编辑"},"button-view":{"name":"查看"},"button-delete":{"name":"删除"},"page-main":{"name":""},"data-grid-component-ref":{"name":""},"detail-form-sidebar":{"name":""},"button-sidebar-add":{"name":"新增"},"button-sidebar-edit":{"name":"编辑"},"detail-component-ref":{"name":""},"data-grid-component":{"name":""},"data-grid-section":{"name":""},"Section/data-grid-section/mainTitle":{"name":""},"Section/data-grid-section/subTitle":{"name":""},"dataGrid":{"name":""},"DataGrid/dataGrid/lineNumberTitle":{"name":""},"DataGrid/dataGrid/OperateEditButton":{"name":"编辑"},"DataGrid/dataGrid/OperateDeleteButton":{"name":"删除"},"DataGrid/dataGrid/OperateColumn":{"name":"操作"},"goods_Goods_GoodsName_5633b50f_fe7e":{"name":"商品名称"},"st_8bcb3d94_m6ar":{"name":"开发状态"},"GridField/st_8bcb3d94_m6ar/enumData/on":{"name":"正在开发中"},"GridField/st_8bcb3d94_m6ar/enumData/dlc":{"name":"开发已完成"},"GridField/st_8bcb3d94_m6ar/enumData/cx":{"name":"尚未开发"},"price_16f37a3a_7wz1":{"name":"目前开发人数"},"other_7f77f6cc_sbr3":{"name":"（预计）完成时间"},"detail-form-component":{"name":""},"detail-form-layout":{"name":""},"goods_Goods_GoodsName_5633b50f_4xbl":{"name":"商品名称"},"LookupEdit/goods_Goods_GoodsName_5633b50f_4xbl/placeHolder":{"name":""},"LookupEdit/goods_Goods_GoodsName_5633b50f_4xbl/dialogTitle":{"name":""},"price_16f37a3a_f5xx":{"name":"目前开发人数"},"NumberSpinner/price_16f37a3a_f5xx/placeHolder":{"name":""},"st_8bcb3d94_2jk2":{"name":"开发状态"},"EnumField/st_8bcb3d94_2jk2/placeHolder":{"name":""},"EnumField/st_8bcb3d94_2jk2/enumData/on":{"name":"正在开发中"},"EnumField/st_8bcb3d94_2jk2/enumData/dlc":{"name":"开发已完成"},"EnumField/st_8bcb3d94_2jk2/enumData/cx":{"name":"尚未开发"},"other_7f77f6cc_deyj":{"name":"（预计）开发完成时间"},"TextBox/other_7f77f6cc_deyj/placeHolder":{"name":""}}