{"module":{"id":"GOODSACTIVITY","code":"GOODSACTIVITY","name":"商品活动","caption":"商品活动","type":"Module","creator":"xrxiaoyu","creationDate":"2024-11-19T11:25:50.180Z","updateVersion":"191104","showTitle":true,"bootstrap":"list-card-template","templateId":"list-with-sidebar-template","schemas":[{"eapiId":"ce0e1369-ad8f-40bc-a5ce-c8795d04e997","eapiCode":"GOODSACTIVITY_frm","eapiName":"商品活动_frm","eapiNameSpace":"Inspur.GS.GoodsDevelop.GOODS1.GActivity.GActivity.Front","voPath":"GoodsDevelop/GOODS1/GActivity/bo-gactivity-front/metadata/components","voNameSpace":"Inspur.GS.GoodsDevelop.GOODS1.GActivity.GActivity.Front","id":"e51dfd8f-f107-48e0-8e64-c63867bcdcdd","sourceUri":"api/goodsdevelop/goods1/v1.0/GOODSACTIVITY_frm","entities":[{"type":{"$type":"EntityType","primary":"id","fields":[{"$type":"SimpleField","readonly":false,"defaultValue":"","editor":{"$type":"TextBox"},"require":true,"multiLanguage":false,"type":{"$type":"StringType","displayName":"字符串","length":36,"name":"String"},"id":"eaa73c7b-2dd8-4402-ad79-3ee3093ac5a9","path":"ID","label":"id","originalId":"eaa73c7b-2dd8-4402-ad79-3ee3093ac5a9","code":"ID","bindingPath":"id","bindingField":"id","name":"主键"},{"$type":"SimpleField","readonly":false,"defaultValue":"","editor":{"$type":"DateBox","format":"'yyyy-MM-dd'"},"require":false,"multiLanguage":false,"type":{"$type":"DateTimeType","displayName":"日期时间","name":"DateTime"},"id":"6e72450b-0ed7-4d52-ae9c-b0faba744491","path":"Version","label":"version","originalId":"6e72450b-0ed7-4d52-ae9c-b0faba744491","code":"Version","bindingPath":"version","bindingField":"version","name":"版本"},{"$type":"ComplexField","type":{"$type":"EntityType","primary":"goods","fields":[{"$type":"SimpleField","readonly":false,"defaultValue":"","editor":{"$type":"TextBox"},"require":false,"multiLanguage":false,"type":{"$type":"StringType","displayName":"字符串","length":36,"name":"String"},"id":"20e473a5-b73f-444d-927f-c19ed8dcb70b","path":"Goods.Goods","label":"goods","originalId":"20e473a5-b73f-444d-927f-c19ed8dcb70b","code":"Goods","bindingPath":"goods.goods","bindingField":"goods","name":"商品"},{"$type":"SimpleField","readonly":false,"defaultValue":"","editor":{"$type":"TextBox"},"require":false,"multiLanguage":false,"type":{"$type":"StringType","displayName":"字符串","length":36,"name":"String"},"id":"3d828f69-e71f-450f-97bb-ee3fd316c599","path":"Goods.Goods_ID","label":"goods_ID","originalId":"3d828f69-e71f-450f-97bb-ee3fd316c599","code":"ID","bindingPath":"goods.goods_ID","bindingField":"goods_Goods_ID","name":"主键"},{"$type":"SimpleField","readonly":false,"defaultValue":"","editor":{"$type":"TextBox"},"require":false,"multiLanguage":false,"type":{"$type":"StringType","displayName":"字符串","length":36,"name":"String"},"id":"5633b50f-82b7-496e-8831-d76cc1e08ca0","path":"Goods.Goods_GoodsName","label":"goods_GoodsName","originalId":"5633b50f-82b7-496e-8831-d76cc1e08ca0","code":"GoodsName","bindingPath":"goods.goods_GoodsName","bindingField":"goods_Goods_GoodsName","name":"商品名称"}],"entities":[],"displayName":"商品","name":"GGoods20e4"},"id":"3f8938b0-ed46-4f3e-8d7b-febac99745bd","path":"Goods","label":"goods","originalId":"3f8938b0-ed46-4f3e-8d7b-febac99745bd","code":"Goods","bindingPath":"goods","bindingField":"goods","name":"商品"},{"$type":"SimpleField","readonly":false,"defaultValue":"","editor":{"$type":"EnumField"},"require":false,"multiLanguage":false,"type":{"$type":"EnumType","displayName":"枚举","valueType":{"$type":"StringType","displayName":"字符串","length":36,"name":"String"},"enumValues":[{"disabled":false,"name":"正在开发中","value":"on"},{"disabled":false,"name":"开发已完成","value":"dlc"},{"disabled":false,"name":"尚未开发","value":"cx"}],"name":"Enum"},"id":"8bcb3d94-84b9-4308-9fcc-b32fe86471fb","path":"ST","label":"st","originalId":"8bcb3d94-84b9-4308-9fcc-b32fe86471fb","code":"ST","bindingPath":"st","bindingField":"st","name":"状态"},{"$type":"SimpleField","readonly":false,"defaultValue":"","editor":{"$type":"NumericBox"},"require":false,"multiLanguage":false,"type":{"$type":"NumericType","displayName":"数字","precision":0,"length":0,"name":"Number"},"id":"16f37a3a-25e8-4d4a-9a0e-e841bf5ad8f1","path":"Price","label":"price","originalId":"16f37a3a-25e8-4d4a-9a0e-e841bf5ad8f1","code":"Price","bindingPath":"price","bindingField":"price","name":"售价"},{"$type":"SimpleField","readonly":false,"defaultValue":"","editor":{"$type":"TextBox"},"require":false,"multiLanguage":false,"type":{"$type":"StringType","displayName":"字符串","length":36,"name":"String"},"id":"7f77f6cc-0a37-4dad-9f0c-74e81e1b9d61","path":"Other","label":"other","originalId":"7f77f6cc-0a37-4dad-9f0c-74e81e1b9d61","code":"Other","bindingPath":"other","bindingField":"other","name":"备注"}],"entities":[],"displayName":"商品活动","name":"GActivity"},"id":"2c6f5f20-a0c8-4202-afc9-db8abe50e540","label":"gActivitys","code":"GActivity","name":"商品活动"}],"variables":[],"sourceType":"vo","code":"GOODSACTIVITY_frm","extendProperties":{"enableStdTimeFormat":true},"name":"商品活动_frm"}],"states":[],"contents":[],"stateMachines":[{"id":"GOODSACTIVITY_state_machine","name":"商品活动_frm","uri":"c0d6709d-eca4-4449-8bf4-4155855a0a24","code":"GOODSACTIVITY_frm","nameSpace":"Inspur.GS.GoodsDevelop.GOODS1.GActivity.GActivity.Front"}],"viewmodels":[{"id":"root-viewmodel","code":"root-viewmodel","name":"商品活动","fields":[],"stateMachine":"GOODSACTIVITY_state_machine","serviceRefs":[],"commands":[{"id":"18586d00-c490-4d34-b1f7-18cb98327100","code":"LoadList1","name":"加载列表数据","params":[{"name":"filter","shownName":"过滤条件","value":"","defaultValue":null},{"name":"sort","shownName":"排序条件","value":"","defaultValue":null}],"handlerName":"LoadList","cmpId":"c121742e-6028-48bf-817c-1dda7fb098df","shortcut":{},"extensions":[],"isInvalid":false},{"id":"919594d1-2755-43c2-8fa3-fb588f84ebf5","code":"OpenSidebarAndAdd1","name":"通过侧边栏新增数据","params":[{"name":"transitionAction","shownName":"状态机动作","value":"Create","defaultValue":null}],"handlerName":"OpenSidebarAndAdd","cmpId":"c121742e-6028-48bf-817c-1dda7fb098df","shortcut":{},"extensions":[],"isInvalid":false},{"id":"cb66d018-8489-46f2-8175-51efcc74b5f5","code":"OpenSidebarAndEdit1","name":"通过侧边栏编辑数据","params":[{"name":"transitionAction","shownName":"状态机动作","value":"Edit","defaultValue":null}],"handlerName":"OpenSidebarAndEdit","cmpId":"c121742e-6028-48bf-817c-1dda7fb098df","shortcut":{},"extensions":[],"isInvalid":false},{"id":"1c906619-3a24-491e-9aac-831ab76a76ac","code":"OpenSidebarAndView1","name":"通过侧边栏查看数据","params":[],"handlerName":"OpenSidebarAndView","cmpId":"c121742e-6028-48bf-817c-1dda7fb098df","shortcut":{},"extensions":[],"isInvalid":false},{"id":"241844e1-22d9-4409-95ad-5e9d2d96866f","code":"Remove1","name":"删除当前数据","params":[{"name":"currentId","shownName":"待删除数据的标识","value":"{DATA~/#{data-grid-component}/id}","defaultValue":null},{"name":"refreshCommandName","shownName":"删除后回调方法","value":"","defaultValue":null},{"name":"refreshCommandFrameId","shownName":"目标组件","value":"","defaultValue":null},{"name":"ifSave","shownName":"是否保存","value":"","defaultValue":null},{"name":"successMsg","shownName":"删除成功提示信息","value":"","defaultValue":null}],"handlerName":"Remove","cmpId":"c121742e-6028-48bf-817c-1dda7fb098df","shortcut":{},"extensions":[],"isInvalid":false},{"id":"5db076fd-52df-41be-b5b0-b7a87efe51d2","code":"Add1","name":"新增一条数据","params":[{"name":"transitState","shownName":"状态机动作","value":"Create","defaultValue":null}],"handlerName":"Add","cmpId":"c121742e-6028-48bf-817c-1dda7fb098df","shortcut":{},"extensions":[],"isInvalid":false},{"id":"80ab18d8-0c63-417c-af0a-c63446bd3316","code":"Edit1","name":"编辑当前数据","params":[{"name":"transitState","shownName":"状态机动作","value":"Edit","defaultValue":null}],"handlerName":"Edit","cmpId":"c121742e-6028-48bf-817c-1dda7fb098df","shortcut":{},"extensions":[],"isInvalid":false},{"id":"3ab6b1b4-ea88-4dc2-8bb6-b431b25f0f07","code":"Save1","name":"保存变更","params":[{"name":"transitState","shownName":"状态机动作","value":"Save","defaultValue":null},{"name":"successMsg","shownName":"保存成功提示信息","value":"","defaultValue":null}],"handlerName":"Save","cmpId":"c121742e-6028-48bf-817c-1dda7fb098df","shortcut":{},"extensions":[],"isInvalid":false},{"id":"7c87ee03-b4c6-45a8-872b-9f5cbf2dbb5f","code":"Cancel1","name":"取消变更","params":[{"name":"transitState","shownName":"状态机动作","value":"Cancel","defaultValue":null},{"name":"loadCmdName","shownName":"取消后回调方法","value":"","defaultValue":null},{"name":"loadCmdFrameId","shownName":"目标组件","value":"","defaultValue":null}],"handlerName":"Cancel","cmpId":"c121742e-6028-48bf-817c-1dda7fb098df","shortcut":{},"extensions":[],"isInvalid":false},{"id":"7a402aac-571c-4c28-a07c-7af52beabc1e","code":"AddItem1","name":"增加一条子表数据","params":[],"handlerName":"AddItem","cmpId":"c121742e-6028-48bf-817c-1dda7fb098df","shortcut":{},"extensions":[],"isInvalid":false},{"id":"77c1ce7f-287c-4f42-b459-568b7a462f8c","code":"RemoveItem1","name":"删除一条子表数据","params":[{"name":"id","shownName":"待删除子表数据的标识","value":"","defaultValue":null},{"name":"successMsg","shownName":"删除成功提示信息","value":"","defaultValue":null}],"handlerName":"RemoveItem","cmpId":"c121742e-6028-48bf-817c-1dda7fb098df","shortcut":{},"extensions":[],"isInvalid":false},{"id":"d41a00a0-c401-44f9-90a8-dc2f4b4b8d45","code":"CheckBeforeClosingSidebar1","name":"关闭侧边栏前置检查方法","params":[{"name":"transitionAction","shownName":"状态机动作","value":"Cancel","defaultValue":null},{"name":"filter","shownName":"过滤条件","value":"","defaultValue":null},{"name":"sort","shownName":"排序条件","value":"","defaultValue":null}],"handlerName":"CheckBeforeClosingSidebar","cmpId":"c121742e-6028-48bf-817c-1dda7fb098df","shortcut":{},"extensions":[],"isInvalid":false},{"id":"fd3076ef-3123-4818-ab12-ea43e16b2de5","code":"CloseSidebar1","name":"关闭侧边栏（侧边栏）","params":[],"handlerName":"CloseSidebar","cmpId":"c121742e-6028-48bf-817c-1dda7fb098df","shortcut":{},"extensions":[],"isInvalid":false}],"states":[],"bindTo":"/","enableUnifiedSession":false},{"id":"data-grid-component-viewmodel","code":"data-grid-component-viewmodel","name":"商品活动","fields":[{"type":"Form","id":"5633b50f-82b7-496e-8831-d76cc1e08ca0","fieldName":"goods_Goods_GoodsName","groupId":null,"groupName":null,"updateOn":"blur"},{"type":"Form","id":"8bcb3d94-84b9-4308-9fcc-b32fe86471fb","fieldName":"st","groupId":null,"groupName":null,"updateOn":"change","fieldSchema":{"name":"开发状态"}},{"type":"Form","id":"16f37a3a-25e8-4d4a-9a0e-e841bf5ad8f1","fieldName":"price","groupId":null,"groupName":null,"updateOn":"blur","fieldSchema":{"name":"目前开发人数"}},{"type":"Form","id":"7f77f6cc-0a37-4dad-9f0c-74e81e1b9d61","fieldName":"other","groupId":null,"groupName":null,"updateOn":"blur","fieldSchema":{"name":"（预计）完成时间"}}],"commands":[{"id":"26755aa7-706a-4e0e-bc05-ad7aefe1417f","code":"LoadCard1","name":"加载卡片数据","params":[{"name":"currentId","shownName":"数据标识","value":"{DATA~/#{data-grid-component}/id}"}],"handlerName":"LoadCard","cmpId":"c121742e-6028-48bf-817c-1dda7fb098df","extensions":[],"isInvalid":false},{"id":"a305a0af-feaa-41e1-ac96-6fe00790f06f","code":"ChangePage1","name":"切换页码","params":[{"name":"loadCommandName","shownName":"切换页面后回调方法","value":"LoadList1"},{"name":"loadCommandFrameId","shownName":"目标组件","value":"#{root-component}"}],"handlerName":"ChangePage","cmpId":"c121742e-6028-48bf-817c-1dda7fb098df","extensions":[],"isInvalid":false}],"serviceRefs":[],"states":[],"bindTo":"/","parent":"root-viewmodel","pagination":{"enable":true,"pageSize":20,"pageList":"10,20,30,50,100"},"enableValidation":false,"allowEmpty":true},{"id":"detail-form-component-viewmodel","code":"detail-form-component-viewmodel","name":"商品活动","fields":[{"type":"Form","id":"5633b50f-82b7-496e-8831-d76cc1e08ca0","fieldName":"goods_Goods_GoodsName","groupId":null,"groupName":null,"updateOn":"blur","fieldSchema":{"editor":{"$type":"LookupEdit","dataSource":{"uri":"GActivity.goods_Goods_GoodsName","displayName":"活动帮助","idField":"id","type":"ViewObject","helpCode":"GSCTIVITy"},"valueField":"id","textField":"goodsName","displayType":"List","mapFields":"{'id':'goods.goods','goodsName':'goods.goods_GoodsName'}","helpId":"a1694f70-3ce1-4092-9a5b-a5444a412b85"},"name":"商品名称","require":false,"readonly":false}},{"type":"Form","id":"8bcb3d94-84b9-4308-9fcc-b32fe86471fb","fieldName":"st","groupId":null,"groupName":null,"updateOn":"change","fieldSchema":{"require":true,"name":"开发状态"}},{"type":"Form","id":"16f37a3a-25e8-4d4a-9a0e-e841bf5ad8f1","fieldName":"price","groupId":null,"groupName":null,"updateOn":"blur","fieldSchema":{"name":"目前开发人数"}},{"type":"Form","id":"7f77f6cc-0a37-4dad-9f0c-74e81e1b9d61","fieldName":"other","groupId":null,"groupName":null,"updateOn":"blur","fieldSchema":{"name":"（预计）开发完成时间"}}],"commands":[],"serviceRefs":[],"states":[{"id":"e3ef38f4-b702-4e88-b762-38eb23fd60a6","category":"locale","code":"stBindDataSource","name":"stBindDataSource","type":"Array"}],"bindTo":"/","parent":"root-viewmodel","enableValidation":true}],"components":[{"id":"root-component","type":"Component","componentType":"Frame","viewModel":"root-viewmodel","onInit":"LoadList1","contents":[{"id":"root-layout","type":"ContentContainer","appearance":{"class":"f-page f-page-is-managelistwithsidebar"},"size":null,"contents":[{"id":"page-header","type":"ContentContainer","appearance":{"class":"f-page-header"},"size":null,"contents":[{"id":"header-nav","type":"ContentContainer","appearance":{"class":"f-page-header-base"},"size":null,"contents":[{"id":"header-title-container","type":"ContentContainer","appearance":{"class":"f-title"},"size":null,"contents":[{"id":"page-header-title","type":"HtmlTemplate","html":"<span class=\"f-title-icon f-text-orna-dict\"><i class=\"f-icon f-icon-page-title-dictionary\"></i></span><h4 class=\"f-title-text\">{{'title'|lang:lang:'商品活动'}}</h4>"}],"visible":true,"isScrollspyContainer":false,"isLikeCardContainer":false},{"id":"page-header-toolbar","type":"ToolBar","appearance":{"class":"col-7 f-toolbar"},"size":null,"items":[{"id":"button-add","type":"ToolBarItem","appearance":{"class":"btn-primary"},"disable":"!viewModel.stateMachine['canAdd']","text":"新增","visible":true,"click":"OpenSidebarAndAdd1","items":[],"usageMode":"button","modalConfig":null},{"id":"button-edit","type":"ToolBarItem","appearance":null,"disable":"!viewModel.stateMachine['canEdit']","text":"编辑","visible":true,"click":"OpenSidebarAndEdit1","items":[],"usageMode":"button","modalConfig":null},{"id":"button-view","type":"ToolBarItem","appearance":null,"disable":"!viewModel.stateMachine['canView']","text":"查看","visible":true,"click":"OpenSidebarAndView1","items":[],"usageMode":"button","modalConfig":null},{"id":"button-delete","type":"ToolBarItem","appearance":null,"disable":"!viewModel.stateMachine['canRemove']","text":"删除","visible":true,"click":"Remove1","items":[],"usageMode":"button","modalConfig":null}],"visible":true,"buttonSize":"default","popDirection":"default"}],"visible":true,"isScrollspyContainer":false,"isLikeCardContainer":false}],"visible":true,"isScrollspyContainer":false,"isLikeCardContainer":false},{"id":"page-main","type":"ContentContainer","appearance":{"class":"f-page-main"},"size":null,"contents":[{"id":"data-grid-component-ref","type":"ComponentRef","component":"data-grid-component","visible":true}],"visible":true,"isScrollspyContainer":false,"isLikeCardContainer":false},{"id":"detail-form-sidebar","type":"Sidebar","size":null,"position":"right","showHeader":true,"showEntry":false,"maskable":false,"iconCls":null,"width":null,"headerTemplate":"","headerTemplateClass":"","headerTitleTemplate":"","headerTitleTemplateClass":"","headerContentTemplate":"","headerContentTemplateClass":"","toolbar":{"id":"detail-form-toolbar","type":"ToolBar","appearance":{"class":""},"size":null,"items":[{"id":"button-sidebar-add","type":"ToolBarItem","appearance":null,"disable":"!viewModel.stateMachine['canAdd']","text":"新增","visible":true,"click":"Add1","items":[],"usageMode":"button","modalConfig":null},{"id":"button-sidebar-edit","type":"ToolBarItem","appearance":null,"disable":"!viewModel.stateMachine['canEdit']","text":"编辑","visible":true,"click":"Edit1","items":[],"usageMode":"button","modalConfig":null}],"visible":true,"buttonSize":"default","popDirection":"default"},"toolbarTemplateClass":"col-7 f-toolbar","customEntryTemplate":"","customEntryTemplateClass":"","contents":[{"id":"detail-component-ref","type":"ComponentRef","component":"detail-form-component","visible":true}],"visible":true,"showClose":true,"showFooter":true,"footerContentTemplate":"<button type=\"button\" class=\"btn btn-primary f-btn-ml\" [disabled]=\"!viewModel.stateMachine['canSave'] \" (click)=\"viewModel['Save1']()\">保存</button>\r\n<button type=\"button\" class=\"btn btn-secondary f-btn-ml\" [disabled]=\"!viewModel.stateMachine['canCancel']\" (click)=\"viewModel['Cancel1']()\">取消</button>\r\n<button type=\"button\" class=\"btn btn-secondary f-btn-ml\" (click)=\"viewModel.CloseSidebar1()\">关闭</button>","footerContentTemplateClass":"","changeState":null,"beforeCloseSidebar":"CheckBeforeClosingSidebar1","appearance":{"class":"","style":""},"maskClosable":true,"height":null,"contentTemplateClass":""}],"visible":true,"isScrollspyContainer":false,"isLikeCardContainer":false}],"appearance":null,"visible":true,"afterViewInit":null},{"id":"data-grid-component","type":"Component","componentType":"dataGrid","viewModel":"data-grid-component-viewmodel","appearance":{"class":"f-struct-wrapper f-utils-fill-flex-column"},"onInit":"","contents":[{"id":"data-grid-section","type":"Section","appearance":{"class":"f-section-grid f-section-in-managelist"},"size":null,"mainTitle":"","subTitle":"","headerClass":"","titleClass":"","extendedHeaderAreaClass":"","toolbarClass":"","extendedAreaClass":"","contentTemplateClass":"","fill":false,"expanded":true,"enableMaximize":true,"enableAccordion":"true","accordionMode":"default","showHeader":false,"headerTemplate":"","titleTemplate":"","extendedHeaderAreaTemplate":"","toolbarTemplate":"","extendedAreaTemplate":"","contents":[{"id":"dataGrid","type":"DataGrid","controlSource":"Farris","appearance":{"class":"f-component-grid"},"size":null,"dataSource":"gActivitys","fields":[{"id":"goods_Goods_GoodsName_5633b50f_fe7e","type":"GridField","controlSource":"Farris","caption":"商品名称","captionTemplate":null,"dataField":"goods.goods_GoodsName","dataType":"string","binding":{"type":"Form","path":"goods_Goods_GoodsName","field":"5633b50f-82b7-496e-8831-d76cc1e08ca0","fullPath":"Goods.Goods_GoodsName"},"enumData":null,"appearance":null,"size":{"width":120},"displayTemplate":null,"editor":null,"draggable":false,"frozen":"none","sortable":true,"sortOrder":null,"resizeable":true,"aggregate":{"type":"none","formatter":{"type":"none"}},"groupAggregate":{"type":"none","formatter":{"type":"none"}},"styler":"","colTemplate":"","linkedLabelEnabled":false,"linkedLabelClick":null,"textAlign":"left","hAlign":"left","vAlign":"middle","formatter":{"type":"none"},"showTips":false,"tipContent":null,"multiLanguage":false,"enableFilter":false,"headerStyler":"","localization":false,"idField":"value","textField":"name","readonly":false,"visible":true,"allowGrouping":true,"tipMode":"auto","captionTipContent":"","captionTipStyler":"","enableBatchEdit":false,"localizationType":"Date"},{"id":"st_8bcb3d94_m6ar","type":"GridField","controlSource":"Farris","caption":"开发状态","captionTemplate":null,"dataField":"st","dataType":"enum","binding":{"type":"Form","path":"st","field":"8bcb3d94-84b9-4308-9fcc-b32fe86471fb","fullPath":"ST"},"enumData":[{"disabled":false,"name":"正在开发中","value":"on"},{"disabled":false,"name":"开发已完成","value":"dlc"},{"disabled":false,"name":"尚未开发","value":"cx"}],"appearance":null,"size":{"width":120},"displayTemplate":null,"editor":null,"draggable":false,"frozen":"none","sortable":true,"sortOrder":null,"resizeable":true,"aggregate":{"type":"none","formatter":{"type":"none"}},"groupAggregate":{"type":"none","formatter":{"type":"none"}},"styler":"","colTemplate":"","linkedLabelEnabled":false,"linkedLabelClick":null,"textAlign":"left","hAlign":"left","vAlign":"middle","formatter":{"type":"none"},"showTips":false,"tipContent":null,"multiLanguage":false,"enableFilter":false,"headerStyler":"","localization":false,"idField":"value","textField":"name","readonly":false,"visible":true,"allowGrouping":true,"tipMode":"auto","captionTipContent":"","captionTipStyler":"","enableBatchEdit":false},{"id":"price_16f37a3a_7wz1","type":"GridField","controlSource":"Farris","caption":"目前开发人数","captionTemplate":null,"dataField":"price","dataType":"number","binding":{"type":"Form","path":"price","field":"16f37a3a-25e8-4d4a-9a0e-e841bf5ad8f1","fullPath":"Price"},"enumData":null,"appearance":null,"size":{"width":120},"displayTemplate":null,"editor":null,"draggable":false,"frozen":"none","sortable":true,"sortOrder":null,"resizeable":true,"aggregate":{"type":"none","formatter":{"type":"none"}},"groupAggregate":{"type":"none","formatter":{"type":"none"}},"styler":"","colTemplate":"","linkedLabelEnabled":false,"linkedLabelClick":null,"textAlign":"left","hAlign":"left","vAlign":"middle","formatter":{"type":"number","precision":0,"thousand":",","decimal":"."},"showTips":false,"tipContent":null,"multiLanguage":false,"enableFilter":false,"headerStyler":"","localization":false,"idField":"value","textField":"name","readonly":false,"visible":true,"allowGrouping":true,"tipMode":"auto","captionTipContent":"","captionTipStyler":"","enableBatchEdit":false},{"id":"other_7f77f6cc_sbr3","type":"GridField","controlSource":"Farris","caption":"（预计）完成时间","captionTemplate":null,"dataField":"other","dataType":"string","binding":{"type":"Form","path":"other","field":"7f77f6cc-0a37-4dad-9f0c-74e81e1b9d61","fullPath":"Other"},"enumData":null,"appearance":null,"size":{"width":120},"displayTemplate":null,"editor":null,"draggable":false,"frozen":"none","sortable":true,"sortOrder":null,"resizeable":true,"aggregate":{"type":"none","formatter":{"type":"none"}},"groupAggregate":{"type":"none","formatter":{"type":"none"}},"styler":"","colTemplate":"","linkedLabelEnabled":false,"linkedLabelClick":null,"textAlign":"left","hAlign":"left","vAlign":"middle","formatter":{"type":"none"},"showTips":false,"tipContent":null,"multiLanguage":false,"enableFilter":false,"headerStyler":"","localization":false,"idField":"value","textField":"name","readonly":false,"visible":true,"allowGrouping":true,"tipMode":"auto","captionTipContent":"","captionTipStyler":"","enableBatchEdit":false,"localizationType":"Date"}],"focusedItem":null,"focusedIndex":null,"identifyField":null,"multiSelect":false,"selectable":null,"showCheckbox":false,"showAllCheckbox":false,"checkOnSelect":false,"selectOnCheck":false,"itemTemplate":null,"toolBar":null,"summary":null,"groupable":false,"group":null,"showGroupColumn":true,"groupFormatter":null,"groupStyler":null,"groupFooter":false,"onSelectionChange":"LoadCard1","fieldEditable":false,"fitColumns":true,"autoFitColumns":true,"appendRow":null,"disable":"viewModel.stateMachine['editable']","pageChange":"ChangePage1","pageSizeChanged":"ChangePage1","styler":"","multiSort":false,"showBorder":false,"striped":true,"showLineNumber":false,"disableRow":null,"beforeSelect":null,"beforeUnSelect":null,"beforeCheck":null,"beforeUnCheck":null,"dblClickRow":null,"showFooter":false,"footerTemplate":"","footerDataFrom":"client","footerDataCommand":null,"enableFilterRow":false,"remoteFilter":false,"showFilterBar":false,"useControlPanel":false,"autoHeight":false,"showSelectedList":false,"selectedItemFormatter":null,"lineNumberWidth":36,"enableMorePageSelect":false,"pagination":true,"lockPagination":"viewModel.stateMachine&&viewModel.stateMachine['editable']","showPageSize":false,"editable":null,"fixedColumns":[],"enableCommandColumn":false,"onEditClicked":"","onDeleteClicked":"","commandColumnWidth":120,"showCommandColumn":true,"checkedChange":null,"footerHeight":29,"filterType":"none","enableSmartFilter":false,"lineNumberTitle":"","rowClick":null,"headerWrap":false,"emptyTemplate":null,"emptyDataHeight":240,"maxHeight":300,"rowHeight":30,"enableHighlightCell":false,"enableEditCellStyle":false,"showRowGroupPanel":false,"enableDragColumn":false,"groupSummaryPosition":"groupFooterRow","clearSelectionsWhenDataIsEmpty":true,"keepSelect":true,"enableEditByCard":"none","visible":true,"showGotoInput":false,"scrollBarShowMode":"auto","showScrollArrow":false,"footerPosition":"bottom","footerStyler":null,"selectOnEditing":false,"selectionMode":"default","enableContextMenu":false,"disableGroupOnEditing":true,"enableSimpleMode":false,"enableScheme":false,"beforeEdit":null,"nowrap":true,"mergeCell":false,"remoteSort":false,"columnSorted":null,"enableHeaderGroup":false,"headerGroup":null,"AutoColumnWidthUseDblclick":true,"virtualized":false,"virtualizedAsyncLoad":false,"scrollYLoad":null,"pagerContentTemplate":null,"expandGroupRows":true,"useBlankWhenDataIsEmpty":false,"checked":null,"unChecked":null,"checkAll":null,"unCheckAll":null,"filterChanged":null,"enableEditStateFilterSorting":false,"showConfirmWhenSchemeChanged":false,"enableSetMultiHeaders":false,"allowEmpty":true,"pageList":"10,20,30,50,100","pageSize":20}],"visible":true,"isScrollSpyItem":false,"toolbar":{"type":"SectionToolbar","position":"inHead","contents":[]}}],"visible":true,"afterViewInit":null},{"id":"detail-form-component","type":"Component","componentType":"form-col-1","viewModel":"detail-form-component-viewmodel","onInit":"","appearance":{"class":"d-block"},"contents":[{"id":"detail-form-layout","type":"Form","appearance":{"class":"farris-form d-flex flex-wrap farris-form-controls-inline"},"size":null,"contents":[{"id":"goods_Goods_GoodsName_5633b50f_4xbl","type":"LookupEdit","titleSourceType":"static","title":"商品名称","appearance":{"class":"col-12"},"size":null,"binding":{"type":"Form","path":"goods_Goods_GoodsName","field":"5633b50f-82b7-496e-8831-d76cc1e08ca0","fullPath":"Goods.Goods_GoodsName"},"readonly":"!viewModel.stateMachine['editable']","require":false,"disable":false,"placeHolder":"","dataSource":{"uri":"GActivity.goods_Goods_GoodsName","displayName":"活动帮助","idField":"id","type":"ViewObject","helpCode":"GSCTIVITy"},"textField":"goodsName","valueField":"id","displayType":"List","multiSelect":false,"pageList":"10,20,30,50","pageSize":20,"pageIndex":null,"pagination":null,"dialogTitle":"","showMaxButton":null,"showCloseButton":null,"resizable":null,"buttonAlign":null,"mapFields":"{'id':'goods.goods','goodsName':'goods.goods_GoodsName'}","lookupStyle":"popup","holdPlace":false,"isTextArea":true,"useTip":false,"useFavorite":true,"noSearch":false,"maxSearchLength":36,"enableToSelect":true,"isRecordSize":false,"lookupPicking":null,"lookupPicked":null,"linkedLabelEnabled":false,"linkedLabelClick":null,"visible":true,"enableExtendLoadMethod":true,"editable":false,"enableFullTree":false,"enableClear":true,"clear":null,"loadTreeDataType":"default","expandLevel":-1,"enableCascade":false,"cascadeStatus":"enable","onShown":null,"onHidden":null,"beforeShow":null,"beforeHide":null,"tabindex":-1,"hasDefaultFocus":false,"focusState":null,"titleWidth":null,"textAlign":"left","useExtendInfo":false,"extInfoFields":null,"extInfoFormatter":null,"customFormatter":null,"customNavFormatter":null,"selectFirstInNav":false,"loadDataWhenOpen":true,"onlySelectLeaf":"default","viewType":"text","autoHeight":false,"maxHeight":500,"autoWidth":true,"showHeader":true,"beforeSelectData":null,"enableAppend":false,"inputAppendType":"button","inputAppendDisabled":false,"enableContextMenu":false,"quickSelect":{"enable":false,"showItemsCount":10,"formatter":null,"showMore":true},"treeToList":false,"navTreeToList":false,"showNavigation":true,"showCascadeControl":true,"linkConfig":{"enable":false,"config":[]},"showSelected":false,"useNewLayout":false,"enableMultiFieldSearch":false,"separator":",","path":"goods.goods_GoodsName","isRTControl":false,"labelAutoOverflow":false,"updateOn":"blur","helpId":"a1694f70-3ce1-4092-9a5b-a5444a412b85"},{"id":"price_16f37a3a_f5xx","type":"NumericBox","titleSourceType":"static","title":"目前开发人数","controlSource":"Farris","appearance":{"class":"col-12"},"size":null,"binding":{"type":"Form","path":"price","field":"16f37a3a-25e8-4d4a-9a0e-e841bf5ad8f1","fullPath":"Price"},"readonly":"!viewModel.stateMachine['editable']","require":false,"disable":false,"placeHolder":"","textAlign":"left","precisionSourceType":"static","precision":0,"validation":null,"maxValue":null,"minValue":null,"step":1,"useThousands":true,"formatter":null,"parser":null,"canNull":true,"bigNumber":false,"maxLength":0,"holdPlace":false,"linkedLabelEnabled":false,"linkedLabelClick":null,"visible":true,"isTextArea":true,"tabindex":-1,"hasDefaultFocus":false,"focusState":null,"titleWidth":null,"showZero":true,"showButton":true,"path":"price","localization":false,"enableAppend":false,"inputAppendType":"button","inputAppendDisabled":false,"autoHeight":false,"maxHeight":500,"labelAutoOverflow":false,"updateOn":"blur"},{"id":"st_8bcb3d94_2jk2","type":"EnumField","titleSourceType":"static","title":"开发状态","controlSource":"Farris","appearance":{"class":"col-12"},"size":null,"binding":{"type":"Form","path":"st","field":"8bcb3d94-84b9-4308-9fcc-b32fe86471fb","fullPath":"ST"},"placeHolder":"","readonly":"!viewModel.stateMachine['editable']","require":true,"disable":false,"enumData":[{"disabled":false,"name":"正在开发中","value":"on"},{"disabled":false,"name":"开发已完成","value":"dlc"},{"disabled":false,"name":"尚未开发","value":"cx"}],"holdPlace":false,"isTextArea":true,"linkedLabelEnabled":false,"linkedLabelClick":null,"visible":true,"tabindex":-1,"hasDefaultFocus":false,"focusState":null,"titleWidth":null,"idField":"value","textField":"name","multiSelect":false,"uri":"","autoWidth":true,"enableClear":false,"onClear":null,"valueChanged":null,"onShown":null,"onHidden":null,"editable":true,"enableCancelSelected":false,"beforeShow":null,"beforeHide":null,"dataSourceType":"static","path":"st","viewType":"text","noSearch":false,"maxSearchLength":null,"enableAppend":false,"inputAppendType":"button","inputAppendDisabled":false,"autoHeight":false,"maxHeight":500,"showDisabledItem":true,"labelAutoOverflow":false,"updateOn":"change","bindDataSource":{"path":"stBindDataSource","field":"e3ef38f4-b702-4e88-b762-38eb23fd60a6","fullPath":"stBindDataSource","type":"Variable"}},{"id":"other_7f77f6cc_deyj","type":"TextBox","titleSourceType":"static","title":"（预计）开发完成时间","appearance":{"class":"col-12"},"size":null,"binding":{"type":"Form","path":"other","field":"7f77f6cc-0a37-4dad-9f0c-74e81e1b9d61","fullPath":"Other"},"readonly":"!viewModel.stateMachine['editable']","require":{"type":"Expression","expressionId":"7f77f6cc-0a37-4dad-9f0c-74e81e1b9d61_require"},"disable":false,"placeHolder":"","format":null,"validation":null,"value":null,"maxLength":36,"linkedLabelEnabled":false,"linkedLabelClick":null,"visible":true,"holdPlace":false,"isTextArea":true,"isPassword":false,"tabindex":-1,"hasDefaultFocus":false,"focusState":null,"titleWidth":null,"enableTips":true,"path":"other","enableAppend":false,"inputAppendType":"button","inputAppendDisabled":false,"formatValidation":{"type":"none","expression":"","message":""},"autoHeight":false,"maxHeight":500,"labelAutoOverflow":false,"updateOn":"blur"}],"controlsInline":true,"formAutoIntl":true,"visible":true,"labelAutoOverflow":false}],"visible":true,"afterViewInit":null}],"webcmds":[{"id":"c121742e-6028-48bf-817c-1dda7fb098df","path":"/projects/packages/Inspur.GS.Gsp.Web.WebCmp/webcmd","name":"AdvancedListCardWithSidebarController.webcmd","refedHandlers":[{"host":"18586d00-c490-4d34-b1f7-18cb98327100","handler":"LoadList"},{"host":"919594d1-2755-43c2-8fa3-fb588f84ebf5","handler":"OpenSidebarAndAdd"},{"host":"cb66d018-8489-46f2-8175-51efcc74b5f5","handler":"OpenSidebarAndEdit"},{"host":"1c906619-3a24-491e-9aac-831ab76a76ac","handler":"OpenSidebarAndView"},{"host":"241844e1-22d9-4409-95ad-5e9d2d96866f","handler":"Remove"},{"host":"26755aa7-706a-4e0e-bc05-ad7aefe1417f","handler":"LoadCard"},{"host":"a305a0af-feaa-41e1-ac96-6fe00790f06f","handler":"ChangePage"},{"host":"5db076fd-52df-41be-b5b0-b7a87efe51d2","handler":"Add"},{"host":"80ab18d8-0c63-417c-af0a-c63446bd3316","handler":"Edit"},{"host":"3ab6b1b4-ea88-4dc2-8bb6-b431b25f0f07","handler":"Save"},{"host":"7c87ee03-b4c6-45a8-872b-9f5cbf2dbb5f","handler":"Cancel"},{"host":"7a402aac-571c-4c28-a07c-7af52beabc1e","handler":"AddItem"},{"host":"77c1ce7f-287c-4f42-b459-568b7a462f8c","handler":"RemoveItem"},{"host":"d41a00a0-c401-44f9-90a8-dc2f4b4b8d45","handler":"CheckBeforeClosingSidebar"},{"host":"fd3076ef-3123-4818-ab12-ea43e16b2de5","handler":"CloseSidebar"}],"code":"AdvancedListCardWithSidebarController","nameSpace":"Inspur.GS.Gsp.Web.WebCmp"}],"serviceRefs":[],"projectName":"bo-gactivity-front","showType":"page","toolbar":{"items":{},"configs":{}},"declarations":{"events":[],"commands":[],"states":[]},"subscriptions":[],"extraImports":[],"expressions":[{"fieldId":"7f77f6cc-0a37-4dad-9f0c-74e81e1b9d61","expression":[{"id":"7f77f6cc-0a37-4dad-9f0c-74e81e1b9d61_require","type":"require","value":"{\"expr\":\"GActivity.st=='dlc'\",\"sexpr\":\"\"}","message":"请填写开发完成时间"}]}],"metadataId":"d1d89110-fca9-4e39-b096-90b052159cb2","actions":[{"sourceComponent":{"id":"button-add","viewModelId":"root-viewmodel","map":[{"event":{"label":"click","name":"点击事件"},"targetComponent":{"id":"root-component","viewModelId":"root-viewmodel"},"command":{"id":"919594d1-2755-43c2-8fa3-fb588f84ebf5","label":"OpenSidebarAndAdd1","name":"通过侧边栏新增数据","handlerName":"OpenSidebarAndAdd","params":[{"name":"transitionAction","shownName":"状态机动作","value":"Create","defaultValue":null}],"cmpId":"c121742e-6028-48bf-817c-1dda7fb098df","isNewGenerated":false,"isInvalid":false},"controller":{"id":"c121742e-6028-48bf-817c-1dda7fb098df","label":"AdvancedListCardWithSidebarController","name":"高级列卡控制器（侧边栏）"}}]}},{"sourceComponent":{"id":"button-edit","viewModelId":"root-viewmodel","map":[{"event":{"label":"click","name":"点击事件"},"targetComponent":{"id":"root-component","viewModelId":"root-viewmodel"},"command":{"id":"cb66d018-8489-46f2-8175-51efcc74b5f5","label":"OpenSidebarAndEdit1","name":"通过侧边栏编辑数据","handlerName":"OpenSidebarAndEdit","params":[{"name":"transitionAction","shownName":"状态机动作","value":"Edit","defaultValue":null}],"cmpId":"c121742e-6028-48bf-817c-1dda7fb098df","isNewGenerated":false,"isInvalid":false},"controller":{"id":"c121742e-6028-48bf-817c-1dda7fb098df","label":"AdvancedListCardWithSidebarController","name":"高级列卡控制器（侧边栏）"}}]}},{"sourceComponent":{"id":"button-view","viewModelId":"root-viewmodel","map":[{"event":{"label":"click","name":"点击事件"},"targetComponent":{"id":"root-component","viewModelId":"root-viewmodel"},"command":{"id":"1c906619-3a24-491e-9aac-831ab76a76ac","label":"OpenSidebarAndView1","name":"通过侧边栏查看数据","handlerName":"OpenSidebarAndView","params":[],"cmpId":"c121742e-6028-48bf-817c-1dda7fb098df","isNewGenerated":false,"isInvalid":false},"controller":{"id":"c121742e-6028-48bf-817c-1dda7fb098df","label":"AdvancedListCardWithSidebarController","name":"高级列卡控制器（侧边栏）"}}]}},{"sourceComponent":{"id":"button-delete","viewModelId":"root-viewmodel","map":[{"event":{"label":"click","name":"点击事件"},"targetComponent":{"id":"root-component","viewModelId":"root-viewmodel"},"command":{"id":"241844e1-22d9-4409-95ad-5e9d2d96866f","label":"Remove1","name":"删除当前数据","handlerName":"Remove","params":[{"name":"currentId","shownName":"待删除数据的标识","value":"{DATA~/#{data-grid-component}/id}","defaultValue":null},{"name":"refreshCommandName","shownName":"删除后回调方法","value":"","defaultValue":null},{"name":"refreshCommandFrameId","shownName":"目标组件","value":"","defaultValue":null},{"name":"ifSave","shownName":"是否保存","value":"","defaultValue":null},{"name":"successMsg","shownName":"删除成功提示信息","value":"","defaultValue":null}],"cmpId":"c121742e-6028-48bf-817c-1dda7fb098df","isNewGenerated":false,"isInvalid":false},"controller":{"id":"c121742e-6028-48bf-817c-1dda7fb098df","label":"AdvancedListCardWithSidebarController","name":"高级列卡控制器（侧边栏）"}}]}},{"sourceComponent":{"id":"button-sidebar-add","viewModelId":"root-viewmodel","map":[{"event":{"label":"click","name":"点击事件"},"targetComponent":{"id":"root-component","viewModelId":"root-viewmodel"},"command":{"id":"5db076fd-52df-41be-b5b0-b7a87efe51d2","label":"Add1","name":"新增一条数据","handlerName":"Add","params":[{"name":"transitState","shownName":"状态机动作","value":"Create","defaultValue":null}],"cmpId":"c121742e-6028-48bf-817c-1dda7fb098df","isNewGenerated":false,"isInvalid":false},"controller":{"id":"c121742e-6028-48bf-817c-1dda7fb098df","label":"AdvancedListCardWithSidebarController","name":"高级列卡控制器（侧边栏）"}}]}},{"sourceComponent":{"id":"button-sidebar-edit","viewModelId":"root-viewmodel","map":[{"event":{"label":"click","name":"点击事件"},"targetComponent":{"id":"root-component","viewModelId":"root-viewmodel"},"command":{"id":"80ab18d8-0c63-417c-af0a-c63446bd3316","label":"Edit1","name":"编辑当前数据","handlerName":"Edit","params":[{"name":"transitState","shownName":"状态机动作","value":"Edit","defaultValue":null}],"cmpId":"c121742e-6028-48bf-817c-1dda7fb098df","isNewGenerated":false,"isInvalid":false},"controller":{"id":"c121742e-6028-48bf-817c-1dda7fb098df","label":"AdvancedListCardWithSidebarController","name":"高级列卡控制器（侧边栏）"}}]}},{"sourceComponent":{"id":"button-sidebar-add","viewModelId":"root-viewmodel","map":[{"event":{"label":"click","name":"点击事件"},"targetComponent":{"id":"root-component","viewModelId":"root-viewmodel"},"command":{"id":"5db076fd-52df-41be-b5b0-b7a87efe51d2","label":"Add1","name":"新增一条数据","handlerName":"Add","params":[{"name":"transitState","shownName":"状态机动作","value":"Create","defaultValue":null}],"cmpId":"c121742e-6028-48bf-817c-1dda7fb098df","isNewGenerated":false,"isInvalid":false},"controller":{"id":"c121742e-6028-48bf-817c-1dda7fb098df","label":"AdvancedListCardWithSidebarController","name":"高级列卡控制器（侧边栏）"}}]}},{"sourceComponent":{"id":"button-sidebar-edit","viewModelId":"root-viewmodel","map":[{"event":{"label":"click","name":"点击事件"},"targetComponent":{"id":"root-component","viewModelId":"root-viewmodel"},"command":{"id":"80ab18d8-0c63-417c-af0a-c63446bd3316","label":"Edit1","name":"编辑当前数据","handlerName":"Edit","params":[{"name":"transitState","shownName":"状态机动作","value":"Edit","defaultValue":null}],"cmpId":"c121742e-6028-48bf-817c-1dda7fb098df","isNewGenerated":false,"isInvalid":false},"controller":{"id":"c121742e-6028-48bf-817c-1dda7fb098df","label":"AdvancedListCardWithSidebarController","name":"高级列卡控制器（侧边栏）"}}]}},{"sourceComponent":{"id":"detail-form-sidebar","viewModelId":"root-viewmodel","map":[{"event":{"label":"beforeCloseSidebar","name":"侧边栏关闭前事件"},"targetComponent":{"id":"root-component","viewModelId":"root-viewmodel"},"command":{"id":"d41a00a0-c401-44f9-90a8-dc2f4b4b8d45","label":"CheckBeforeClosingSidebar1","name":"关闭侧边栏前置检查方法","handlerName":"CheckBeforeClosingSidebar","params":[{"name":"transitionAction","shownName":"状态机动作","value":"Cancel","defaultValue":null},{"name":"filter","shownName":"过滤条件","value":"","defaultValue":null},{"name":"sort","shownName":"排序条件","value":"","defaultValue":null}],"cmpId":"c121742e-6028-48bf-817c-1dda7fb098df","isNewGenerated":false,"isInvalid":false},"controller":{"id":"c121742e-6028-48bf-817c-1dda7fb098df","label":"AdvancedListCardWithSidebarController","name":"高级列卡控制器（侧边栏）"}}]}},{"sourceComponent":{"id":"root-component","viewModelId":"root-viewmodel","map":[{"event":{"label":"onInit","name":"初始化事件"},"targetComponent":{"id":"root-component","viewModelId":"root-viewmodel"},"command":{"id":"18586d00-c490-4d34-b1f7-18cb98327100","label":"LoadList1","name":"加载列表数据","handlerName":"LoadList","params":[{"name":"filter","shownName":"过滤条件","value":"","defaultValue":null},{"name":"sort","shownName":"排序条件","value":"","defaultValue":null}],"cmpId":"c121742e-6028-48bf-817c-1dda7fb098df","isNewGenerated":false,"isInvalid":false},"controller":{"id":"c121742e-6028-48bf-817c-1dda7fb098df","label":"AdvancedListCardWithSidebarController","name":"高级列卡控制器（侧边栏）"}}]}},{"sourceComponent":{"id":"dataGrid","viewModelId":"data-grid-component-viewmodel","map":[{"event":{"label":"onSelectionChange","name":"行切换事件"},"targetComponent":{"id":"data-grid-component","viewModelId":"data-grid-component-viewmodel"},"command":{"id":"26755aa7-706a-4e0e-bc05-ad7aefe1417f","label":"LoadCard1","name":"加载卡片数据","handlerName":"LoadCard","params":[{"name":"currentId","shownName":"数据标识","value":"{DATA~/#{data-grid-component}/id}"}],"cmpId":"c121742e-6028-48bf-817c-1dda7fb098df","isNewGenerated":false,"isInvalid":false},"controller":{"id":"c121742e-6028-48bf-817c-1dda7fb098df","label":"AdvancedListCardWithSidebarController","name":"高级列卡控制器（侧边栏）"}},{"event":{"label":"pageChange","name":"切换页码事件"},"targetComponent":{"id":"data-grid-component","viewModelId":"data-grid-component-viewmodel"},"command":{"id":"a305a0af-feaa-41e1-ac96-6fe00790f06f","label":"ChangePage1","name":"切换页码","handlerName":"ChangePage","params":[{"name":"loadCommandName","shownName":"切换页面后回调方法","value":"LoadList1"},{"name":"loadCommandFrameId","shownName":"目标组件","value":"#{root-component}"}],"cmpId":"c121742e-6028-48bf-817c-1dda7fb098df","isNewGenerated":false,"isInvalid":false},"controller":{"id":"c121742e-6028-48bf-817c-1dda7fb098df","label":"AdvancedListCardWithSidebarController","name":"高级列卡控制器（侧边栏）"}},{"event":{"label":"pageSizeChanged","name":"分页条数变化事件"},"targetComponent":{"id":"data-grid-component","viewModelId":"data-grid-component-viewmodel"},"command":{"id":"a305a0af-feaa-41e1-ac96-6fe00790f06f","label":"ChangePage1","name":"切换页码","handlerName":"ChangePage","params":[{"name":"loadCommandName","shownName":"切换页面后回调方法","value":"LoadList1"},{"name":"loadCommandFrameId","shownName":"目标组件","value":"#{root-component}"}],"cmpId":"c121742e-6028-48bf-817c-1dda7fb098df","isNewGenerated":false,"isInvalid":false},"controller":{"id":"c121742e-6028-48bf-817c-1dda7fb098df","label":"AdvancedListCardWithSidebarController","name":"高级列卡控制器（侧边栏）"}}]}}]},"options":{"enableTextArea":true,"renderMode":"compile","enableDeleteSourceCode":true,"changeSetPolicy":"valid","enableServerSideChangeDetection":true}}