{"moduleName":null,"summaries":[{"symbol":{"__symbol":0,"members":[]},"metadata":{"__symbolic":"class","extends":{"__symbol":1,"members":[]},"members":{"name":[{"__symbolic":"property","decorators":[{"__symbolic":"call","expression":{"__symbol":2,"members":[]},"arguments":[{"id":"name_df9742c1_htdq","name":"{{name_df9742c1_htdq}}","binding":"name","updateOn":"blur","defaultI18nValue":"名称","validRules":[{"type":"matches","constraints":[""]}]}]}]}],"address":[{"__symbolic":"property","decorators":[{"__symbolic":"call","expression":{"__symbol":2,"members":[]},"arguments":[{"id":"address_09ac33d2_3y7l","name":"{{address_09ac33d2_3y7l}}","binding":"address","updateOn":"blur","defaultI18nValue":"注册地址","validRules":[{"type":"matches","constraints":[""]}]}]}]}],"lR_LR_Name":[{"__symbolic":"property","decorators":[{"__symbolic":"call","expression":{"__symbol":2,"members":[]},"arguments":[{"id":"lR_LR_Name_e23ccff7_10t4","name":"{{lR_LR_Name_e23ccff7_10t4}}","binding":"lr.lR_Name","updateOn":"blur","defaultI18nValue":"控股人"}]}]}],"url":[{"__symbolic":"property","decorators":[{"__symbolic":"call","expression":{"__symbol":2,"members":[]},"arguments":[{"id":"url_ad58a1bd_7r1j","name":"{{url_ad58a1bd_7r1j}}","binding":"url","updateOn":"blur","defaultI18nValue":"人数规模","validRules":[{"type":"matches","constraints":[""]}]}]}]}],"os":[{"__symbolic":"property","decorators":[{"__symbolic":"call","expression":{"__symbol":2,"members":[]},"arguments":[{"id":"os_f4017a55_zk7a","name":"{{os_f4017a55_zk7a}}","binding":"os","updateOn":"change","defaultI18nValue":"营业状态"}]}]}]}},"type":{"summaryKind":3,"type":{"reference":{"__symbol":0,"members":[]},"diDeps":[],"lifecycleHooks":[1]}}}],"symbols":[{"__symbol":0,"name":"BasicFormViewmodelForm","filePath":"./basicformviewmodelform"},{"__symbol":1,"name":"Form","filePath":"@farris/devkit"},{"__symbol":2,"name":"NgFormControl","filePath":"@farris/devkit"}]}