{"moduleName":null,"summaries":[{"symbol":{"__symbol":0,"members":[]},"metadata":{"__symbolic":"class","extends":{"__symbol":1,"members":[]},"members":{"goods":[{"__symbolic":"property","decorators":[{"__symbolic":"call","expression":{"__symbol":2,"members":[]},"arguments":[{"originalDataField":"Goods","dataField":"goods","primary":true,"originalDataFieldType":"String","initValue":"","path":"Goods.Goods","validRules":[{"type":"maxLength","constraints":[36],"message":"最大长度为36"}]}]}]}],"goods_ID":[{"__symbolic":"property","decorators":[{"__symbolic":"call","expression":{"__symbol":2,"members":[]},"arguments":[{"originalDataField":"ID","dataField":"goods_ID","originalDataFieldType":"String","initValue":"","path":"Goods.Goods_ID","validRules":[{"type":"maxLength","constraints":[36],"message":"最大长度为36"}]}]}]}],"goods_GoodsName":[{"__symbolic":"property","decorators":[{"__symbolic":"call","expression":{"__symbol":2,"members":[]},"arguments":[{"originalDataField":"GoodsName","dataField":"goods_GoodsName","originalDataFieldType":"String","initValue":"","path":"Goods.Goods_GoodsName","validRules":[{"type":"maxLength","constraints":[36],"message":"最大长度为36"}]}]}]}]}}}],"symbols":[{"__symbol":0,"name":"GGoods20e4Entity","filePath":"./ggoods20e4entity"},{"__symbol":1,"name":"Entity","filePath":"@farris/devkit"},{"__symbol":2,"name":"NgField","filePath":"@farris/devkit"}]}