{
  "AppCode" : "GoodsDevelop",
  "ServiceUnitCode" : "GOODS1",
  "BizobjectCode" : "GActivity",
  "BizobjectID" : "abd50ad9-24a9-c205-323d-15cb73271c9a",
  "ProjectNameSpace" : "Inspur.GS.GoodsDevelop.GOODS1.GActivity.GActivity.Back",
  "SuDeploymentPath" : "apps/goodsdevelop/goods1",
  "MetadataProjectName" : "bo-GActivity-Back",
  "MetadataPackageName" : "Inspur.GS.GoodsDevelop.GOODS1.GActivity.GActivity.Back",
  "SuConfigDeploymentPath" : null,
  "ProjectType" : "backend",
  "ProjectExtendItem" : [ {
    "codelanguage" : "java"
  } ]
}