{"moduleName":null,"summaries":[{"symbol":{"__symbol":0,"members":[]},"metadata":{"__symbolic":"class","extends":{"__symbol":1,"members":[]},"members":{"ChangePage1":[{"__symbolic":"method","decorators":[{"__symbolic":"call","expression":{"__symbol":2,"members":[]},"arguments":[{"name":"ChangePage1","params":{"loadCommandName":"Filter1","loadCommandFrameId":"#{root-component}"},"paramDescriptions":{"loadCommandName":{"type":"string"},"loadCommandFrameId":{"type":"string"}}}]}]}],"datagridView1":[{"__symbolic":"method","decorators":[{"__symbolic":"call","expression":{"__symbol":2,"members":[]},"arguments":[{"name":"datagridView1","params":{"url":"374ff3e2-fc96-4b7d-a172-a0c9547b91ef","params":"{\"action\":\"LoadAndView1\", \"Name\":\"{DATA~/IR_LR_Name_fedc3f64_3hz2}/LR_Name\"}","idToView":"{DATA~/#{IR_LR_Name_fedc3f64_3hz2}/LR_Name}","enableRefresh":"","tabName":"","destructuring":""},"paramDescriptions":{"url":{"type":"string"},"params":{"type":"string"},"idToView":{"type":"string"},"enableRefresh":{"type":"string"},"tabName":{"type":"string"},"destructuring":{"type":"string"}}}]}]}]}},"type":{"summaryKind":3,"type":{"reference":{"__symbol":0,"members":[]},"diDeps":[],"lifecycleHooks":[1]}}}],"symbols":[{"__symbol":0,"name":"DataGridComponentViewmodel","filePath":"./datagridcomponentviewmodel"},{"__symbol":1,"name":"ViewModel","filePath":"@farris/devkit"},{"__symbol":2,"name":"NgCommand","filePath":"@farris/devkit"}]}