{"moduleName":null,"summaries":[{"symbol":{"__symbol":0,"members":[]},"metadata":{"__symbolic":"class"},"type":{"summaryKind":2,"type":{"reference":{"__symbol":0,"members":[]},"diDeps":[],"lifecycleHooks":[]},"entryComponents":[{"componentType":{"__symbol":1,"members":[]},"componentFactory":{"__symbol":2,"members":[]}}],"providers":[{"provider":{"token":{"identifier":{"reference":{"__symbol":3,"members":[]}}},"useClass":{"reference":{"__symbol":4,"members":[]},"diDeps":[{"isAttribute":false,"isHost":false,"isSelf":false,"isSkipSelf":false,"isOptional":false,"token":{"identifier":{"reference":{"__symbol":5,"members":[]}}}},{"isAttribute":false,"isHost":false,"isSelf":false,"isSkipSelf":false,"isOptional":true,"token":{"identifier":{"reference":{"__symbol":6,"members":[]}}}}],"lifecycleHooks":[]},"useFactory":null,"deps":[{"isAttribute":false,"isHost":false,"isSelf":false,"isSkipSelf":false,"isOptional":false,"token":{"identifier":{"reference":{"__symbol":5,"members":[]}}}},{"isAttribute":false,"isHost":false,"isSelf":false,"isSkipSelf":false,"isOptional":true,"token":{"identifier":{"reference":{"__symbol":6,"members":[]}}}}],"multi":false},"module":{"reference":{"__symbol":7,"members":[]},"diDeps":[],"lifecycleHooks":[]}}],"modules":[{"reference":{"__symbol":7,"members":[]},"diDeps":[],"lifecycleHooks":[]},{"reference":{"__symbol":0,"members":[]},"diDeps":[],"lifecycleHooks":[]}],"exportedDirectives":[],"exportedPipes":[]}}],"symbols":[{"__symbol":0,"name":"AppModule","filePath":"./app.module"},{"__symbol":1,"name":"HtmlTemplatepage_header_titleHtml","filePath":"./app.component"},{"__symbol":2,"name":"HtmlTemplatepage_header_titleHtmlNgFactory","filePath":"./app.component.ngfactory"},{"__symbol":3,"name":"NgLocalization","filePath":"@angular/common"},{"__symbol":4,"name":"NgLocaleLocalization","filePath":"@angular/common"},{"__symbol":5,"name":"LOCALE_ID","filePath":"@angular/core"},{"__symbol":6,"name":"ɵangular_packages_common_common_a","filePath":"@angular/common"},{"__symbol":7,"name":"CommonModule","filePath":"@angular/common"}]}