{"moduleName":null,"summaries":[{"symbol":{"__symbol":0,"members":[]},"metadata":{"__symbolic":"class","members":{"__ctor__":[{"__symbolic":"constructor","parameters":[{"__symbol":1,"members":[]}]}],"transform":[{"__symbolic":"method"}]}},"type":{"summaryKind":0,"type":{"reference":{"__symbol":0,"members":[]},"diDeps":[{"isAttribute":false,"isHost":false,"isSelf":false,"isSkipSelf":false,"isOptional":false,"token":{"identifier":{"reference":{"__symbol":1,"members":[]}}}}],"lifecycleHooks":[]},"name":"lang","pure":true}},{"symbol":{"__symbol":2,"members":[]},"metadata":{"__symbolic":"class","members":{"__ctor__":[{"__symbolic":"constructor"}]}},"type":{"summaryKind":1,"type":{"reference":{"__symbol":2,"members":[]},"diDeps":[],"lifecycleHooks":[]},"isComponent":true,"selector":"page-header-titleHtml","exportAs":null,"inputs":{},"outputs":{},"hostListeners":{},"hostProperties":{},"hostAttributes":{},"providers":[],"viewProviders":[],"queries":[],"guards":{},"viewQueries":[],"entryComponents":[],"changeDetection":1,"template":{"ngContentSelectors":[],"encapsulation":2,"styles":[],"animations":[]},"componentViewType":{"__symbol":3,"members":[]},"rendererType":{"__symbol":4,"members":[]},"componentFactory":{"__symbol":5,"members":[]}}}],"symbols":[{"__symbol":0,"name":"LangPipe","filePath":"./app.component"},{"__symbol":1,"name":"Injector","filePath":"@angular/core"},{"__symbol":2,"name":"HtmlTemplatepage_header_titleHtml","filePath":"./app.component"},{"__symbol":3,"name":"View_HtmlTemplatepage_header_titleHtml_0","filePath":"./app.component.ngfactory"},{"__symbol":4,"name":"RenderType_HtmlTemplatepage_header_titleHtml","filePath":"./app.component.ngfactory"},{"__symbol":5,"name":"HtmlTemplatepage_header_titleHtmlNgFactory","filePath":"./app.component.ngfactory"}]}